Item Title,Publication Title,Book Series Title,Journal Volume,Journal Issue,Item DOI,Authors,Publication Year,URL,Content Type
Finding software vulnerabilities in large C projects via bounded model checking,International Journal on Software Tools for Technology Transfer,,,,10.1007/s10009-026-00838-0,Janislley O. De SousaBruno C. de FariasThales A. Da SilvaNorbert TihanyiRichard A. DubniczkyEddie B. L. FilhoLucas C. Cordeiro,2026,https://link.springer.com/article/10.1007/s10009-026-00838-0,Article
Verify&#xa0;This: Memcached—A Practical Long-Term Challenge for&#xa0;the&#xa0;Integration of&#xa0;Formal Methods,Integrated Formal Methods,,,,10.1007/978-3-031-47705-8_5,Gidon ErnstAlexander Weigl,2024,https://link.springer.com/chapter/10.1007/978-3-031-47705-8_5,Conference paper
Modelling and&#xa0;Verification of&#xa0;an&#xa0;Application for&#xa0;Managing Sensitive Health Data,From Data to Models and Back,,,,10.1007/978-3-031-87217-4_7,Almo CuciUmar OzeerGwen Salaün,2025,https://link.springer.com/chapter/10.1007/978-3-031-87217-4_7,Conference paper
The VerifyThis Collaborative Long-Term Challenge Series,TOOLympics Challenge 2023,,,,10.1007/978-3-031-67695-6_6,Wolfgang AhrendtGidon ErnstPaula HerberMarieke HuismanRaúl E. MontiMattias UlbrichAlexander Weigl,2025,https://link.springer.com/chapter/10.1007/978-3-031-67695-6_6,Conference paper
Contract-LIB: A Proposal for&#xa0;a&#xa0;Common Interchange Format for&#xa0;Software System Specification,"Leveraging Applications of Formal Methods, Verification and Validation. Specification and Verification",,,,10.1007/978-3-031-75380-0_6,Gidon ErnstWolfram PfeiferMattias Ulbrich,2025,https://link.springer.com/chapter/10.1007/978-3-031-75380-0_6,Conference paper
"A Hybrid Microservices Architecture for&#xa0;Smart Glasses: Integrating Cloud-Based LLMs, Containerized Services, and&#xa0;On-Device Functionalities",Advanced Information Networking and Applications,,,,10.1007/978-3-031-87778-0_42,Theodor-Radu GrumezaThomas-Andrei LazărAlexandra-Emilia Fortiş,2025,https://link.springer.com/chapter/10.1007/978-3-031-87778-0_42,Conference paper
Towards High-performance and Trusted Cloud DBMSs,Datenbank-Spektrum,,,,10.1007/s13222-025-00495-8,Adrian LutschMuhammad El-HindiZsolt IstvánCarsten Binnig,2025,https://link.springer.com/article/10.1007/s13222-025-00495-8,Article
Digital twin system for milling process of titanium alloy end mills: integration and performance enhancement,The International Journal of Advanced Manufacturing Technology,,,,10.1007/s00170-025-16274-4,Wenkai ZhaoRongyi LiXianli LiuCaixu YueMingwei Zhao,2025,https://link.springer.com/article/10.1007/s00170-025-16274-4,Article
Storing Runtime Data in Azure Redis Cache,Microsoft Azure for Java Developers,,,,10.1007/978-1-4842-8251-9_9,Abhishek Mishra,2022,https://link.springer.com/chapter/10.1007/978-1-4842-8251-9_9,Chapter
Reliability and Incentive of Performance Assessment for Decentralized Clouds,Journal of Computer Science and Technology,,,,10.1007/s11390-022-2120-y,Jiu-Chen ShiXiao-Qing CaiWen-Li ZhengQuan ChenDe-Ze ZengTatsuhiro TsuchiyaMin-Yi Guo,2022,https://link.springer.com/article/10.1007/s11390-022-2120-y,Article
"Intel PMDK Transactions: Specification, Validation and Concurrency",Programming Languages and Systems,,,,10.1007/978-3-031-57267-8_6,Azalea RaadOri LahavJohn WickersonPiotr BalcerBrijesh Dongol,2024,https://link.springer.com/chapter/10.1007/978-3-031-57267-8_6,Conference paper
Gravitational wave fluxes on generic orbits in near-extreme Kerr spacetime: Higher spin and large eccentricity,"Science China Physics, Mechanics & Astronomy",,,,10.1007/s11433-024-2431-0,Changkai ChenJiliang Jing,2024,https://link.springer.com/article/10.1007/s11433-024-2431-0,Article
Formal Architectural Patterns for Adaptive Robotic Software,Fundamental Approaches to Software Engineering,,,,10.1007/978-3-031-90900-9_8,James BaxterBert van AckerMorten KristensenThomas WrightAna CavalcantiCláudio Gomes,2025,https://link.springer.com/chapter/10.1007/978-3-031-90900-9_8,Conference paper
Testing Java Applications Using Testcontainers,When Docker Meets Java,,,,10.1007/979-8-8688-1300-9_10,Ashish Choudhary,2025,https://link.springer.com/chapter/10.1007/979-8-8688-1300-9_10,Chapter
The Proof Is in the Cloud,Practical GitLab Services,,,,10.1007/979-8-8688-0427-4_15,Jeffrey Painter,2024,https://link.springer.com/chapter/10.1007/979-8-8688-0427-4_15,Chapter
"A Comprehensive Survey on Blockchain-Based Privacy, Scalability, and Consensus Mechanism Techniques",SN Computer Science,,,,10.1007/s42979-025-04693-9,Sheikh Moeen ul HaqueShabir Ahmad SofiSahil Sholla,2026,https://link.springer.com/article/10.1007/s42979-025-04693-9,Article
Computability of Classification and Deep Learning: From Theoretical Limits to Practical Feasibility Through Quantization,Journal of Fourier Analysis and Applications,,,,10.1007/s00041-025-10163-w,Holger BocheVit FojtikAdalbert FonoGitta Kutyniok,2025,https://link.springer.com/article/10.1007/s00041-025-10163-w,Article
TZ-Container: protecting container from untrusted OS with ARM TrustZone,Science China Information Sciences,,,,10.1007/s11432-019-2707-6,Zhichao HuaYang YuJinyu GuYubin XiaHaibo ChenBinyu Zang,2021,https://link.springer.com/article/10.1007/s11432-019-2707-6,Article
"Lights, Camera, Action!",Practical GitLab Services,,,,10.1007/979-8-8688-0427-4_19,Jeffrey Painter,2024,https://link.springer.com/chapter/10.1007/979-8-8688-0427-4_19,Chapter
RoutIR: Fast Serving of&#xa0;Retrieval Pipelines for&#xa0;Retrieval-Augmented Generation,Advances in Information Retrieval,,,,10.1007/978-3-032-21321-1_60,Eugene YangAndrew YatesDawn LawrieJames MayfieldTrevor Adriaanse,2026,https://link.springer.com/chapter/10.1007/978-3-032-21321-1_60,Conference paper
Non-equilibrium Transport and Relaxation in Diffusive Nanowires with Kondo Impurities,Advances in Solid State Physics,,,,10.1007/978-3-540-44838-9_16,Johann KrohaAchim RoschJens PaaskePeter Wölfle,,https://link.springer.com/chapter/10.1007/978-3-540-44838-9_16,Chapter
Cu-Mg-Si (Copper - Magnesium - Silicon),Light Metal Systems. Part 4,,,,10.1007/11008514_19,,,https://link.springer.com/chapter/10.1007/11008514_19,Chapter
Microsoft’s AI Stack and Agentic Evolution,The Agentic AI Revolution,,,,10.1007/979-8-8688-2022-9_5,Will HawkinsNancie Calder,2025,https://link.springer.com/chapter/10.1007/979-8-8688-2022-9_5,Chapter
Things That Lurk in the Background,Practical GitLab Services,,,,10.1007/979-8-8688-0427-4_14,Jeffrey Painter,2024,https://link.springer.com/chapter/10.1007/979-8-8688-0427-4_14,Chapter
Architecting Agentic AI Systems with a Well-Architected Framework,Agentic AI in Enterprise,,,,10.1007/979-8-8688-1542-3_2,Sumit RanjanDivya ChembachereLanwin Lobo,2025,https://link.springer.com/chapter/10.1007/979-8-8688-1542-3_2,Chapter
Working with Visual Studio 2022,Getting Started with Visual Studio 2022,,,,10.1007/979-8-8688-2114-1_2,Dirk Strauss,2025,https://link.springer.com/chapter/10.1007/979-8-8688-2114-1_2,Chapter
Cu-In-S (Copper-Indium-Sulfur),Non-Ferrous Metal Systems. Part 1,,,,10.1007/10915981_24,,,https://link.springer.com/chapter/10.1007/10915981_24,Chapter
Determination of Particle Size Distributionsof Swollen (Hydrated) Particlesby Analytical Ultracentrifugation,Analytical Ultracentrifugation VIII,,,,10.1007/2882_011,Hans Georg Müller,,https://link.springer.com/chapter/10.1007/2882_011,Conference paper
WebAssembly Orchestration in the Context of Serverless Computing,Journal of Network and Systems Management,,,,10.1007/s10922-023-09753-0,Vojdan KjorveziroskiSonja Filiposka,2023,https://link.springer.com/article/10.1007/s10922-023-09753-0,Article
Synthesis and Depositionof Water-Dispersed Prussian Blue Nanocrystals on Polymers and CNTs,Characterization of Polymer Surfaces and Thin Films,,,,10.1007/2882_042,Vera BocharovaGanna GorodyskaAnton KiriyManfred StammPaul SimonIngolf MönchDieter ElefantXudong LouFrancois StoffelbachChristophe DetrembleurRobert Jérôme,,https://link.springer.com/chapter/10.1007/2882_042,Conference paper
Static Data Race Detection via&#xa0;Lazy Sequentialization,Networked Systems,,,,10.1007/978-3-031-67321-4_8,Bernd FischerGiulio GarbiSalvatore La TorreGennaro ParlatoPeter Schrammel,2024,https://link.springer.com/chapter/10.1007/978-3-031-67321-4_8,Conference paper
OpenCog Hyperon: A Practical Path to&#xa0;Beneficial AGI and&#xa0;ASI,Artificial General Intelligence,,,,10.1007/978-3-032-00686-8_18,Ben Goertzel,2026,https://link.springer.com/chapter/10.1007/978-3-032-00686-8_18,Conference paper
Edge-computing-assisted intelligent processing of AI-generated image content,Journal of Real-Time Image Processing,,,,10.1007/s11554-023-01400-w,Suzhen WangYongchen DengLisha HuNing Cao,2024,https://link.springer.com/article/10.1007/s11554-023-01400-w,Article
Immutable Runtimes,The Art of Immutable Architecture,,,,10.1007/979-8-8688-0288-1_6,Michael L. Perry,2024,https://link.springer.com/chapter/10.1007/979-8-8688-0288-1_6,Chapter
Kubernetes Scaling: A Comprehensive Review of Scalability in Kubernetes,ICT Systems and Sustainability,,,,10.1007/978-3-032-06671-8_21,Thisura S. WijesekeraDinuka R. Wijendra,2026,https://link.springer.com/chapter/10.1007/978-3-032-06671-8_21,Conference paper
Enterprise DBS Management and Arc,Azure Arc Systems Management,,,,10.1007/978-1-4842-9480-2_5,Ramona Maxwell,2024,https://link.springer.com/chapter/10.1007/978-1-4842-9480-2_5,Chapter
Results for High--Tc Cuprates Obtained from a Generalized Eliashberg Theory: Doping Dependence,Theory of Unconventional Superconductors,,,,10.1007/978-3-540-39976-6_3,Dirk Manske,,https://link.springer.com/chapter/10.1007/978-3-540-39976-6_3,Chapter
Infrastructure-as-Code Ecosystems,Software Ecosystems,,,,10.1007/978-3-031-36060-2_9,Ruben OpdebeeckAhmed ZeroualiCoen De Roover,2023,https://link.springer.com/chapter/10.1007/978-3-031-36060-2_9,Chapter
Automated Verification of&#xa0;Monotonic Data Structure Traversals in&#xa0;C,Computer Aided Verification,,,,10.1007/978-3-031-98668-0_2,Matthew Sotoudeh,2025,https://link.springer.com/chapter/10.1007/978-3-031-98668-0_2,Conference paper
ASP.NET Is a Great Place for Microservices,Pro Microservices in .NET 10,,,,10.1007/979-8-8688-2049-6_4,Sean WhitesellRob Richardson,2025,https://link.springer.com/chapter/10.1007/979-8-8688-2049-6_4,Chapter
Static Deadlock Detection in&#xa0;Low-Level C Code,Computer Aided Systems Theory – EUROCAST 2022,,,,10.1007/978-3-031-25312-6_31,Dominik HarmimVladimír MarcinLucie SvobodováTomáš Vojnar,2022,https://link.springer.com/chapter/10.1007/978-3-031-25312-6_31,Conference paper
Effect of laminar plasma quenching technology on the anti-wear and anti-fatigue properties of two types of U75V rail welded joints,Journal of Zhejiang University-SCIENCE A,,,,10.1631/jzus.A2500194,Jingmang XuHui ZhuWenfeng GaoTaoshuo BaiJian YangKai WangYao QianPing Wang,2026,https://link.springer.com/article/10.1631/jzus.A2500194,Article
REST APIs,Practical Rust Projects,,,,10.1007/978-1-4842-9331-7_5,Shing LyuAndrew Rzeznik,2023,https://link.springer.com/chapter/10.1007/978-1-4842-9331-7_5,Chapter
HSEB: optimizing microkernel performance for network I/O-intensive applications via High-Speed Event Bus mechanism,Cluster Computing,,,,10.1007/s10586-025-05758-3,Xiaoying WangWai Chen,2025,https://link.springer.com/article/10.1007/s10586-025-05758-3,Article
Generative AI inversely designs amorphous alloys with customized properties,Science China Technological Sciences,,,,10.1007/s11431-025-3103-5,Shaochun LiJunzhi CuiJingli Ren,2026,https://link.springer.com/article/10.1007/s11431-025-3103-5,Article
A lightweight blockchain based scalable and collaborative mitigation framework against new flow DDoS attacks in SDN enabled autonomous systems,Scientific Reports,,,,10.1038/s41598-025-19989-2,Shikha GargSonia GoyalAbhinav Bhandari,2025,https://link.springer.com/article/10.1038/s41598-025-19989-2,Article
A Domain Specific Language for&#xa0;Testing Distributed Protocol Implementations,Networked Systems,,,,10.1007/978-3-031-67321-4_6,Cezara DragoiSrinidhi NagendraMandayam Srivas,2024,https://link.springer.com/chapter/10.1007/978-3-031-67321-4_6,Conference paper
The Future of .NET,.NET 10 Revealed,,,,10.1007/979-8-8688-1889-9_10,Kajetan Duszyński,2025,https://link.springer.com/chapter/10.1007/979-8-8688-1889-9_10,Chapter
Getting Started with RavenDB,Introducing RavenDB,,,,10.1007/978-1-4842-8919-8_1,Dejan Miličić,2022,https://link.springer.com/chapter/10.1007/978-1-4842-8919-8_1,Chapter
The Blockchain-Based Digital Certificate for the Transport of Dangerous Goods,Blockchain Driven Supply Chains and Enterprise Information Systems,,,,10.1007/978-3-030-96154-1_3,Adnan ImeriChristophe FeltusNazim AgoulmineDjamel Khadraoui,2023,https://link.springer.com/chapter/10.1007/978-3-030-96154-1_3,Chapter
Apache Kafka and Spark Structured Streaming,Modern Data Engineering with Apache Spark,,,,10.1007/978-1-4842-7452-1_11,Scott Haines,2022,https://link.springer.com/chapter/10.1007/978-1-4842-7452-1_11,Chapter
Functional Verification for Agile Processor Development: A Case for Workflow Integration,Journal of Computer Science and Technology,,,,10.1007/s11390-023-3285-8,Yi-Nan XuZi-Hao YuKai-Fan WangHua-Qiang WangJia-Wei LinYue JinLin-Juan ZhangZi-Fei ZhangDan TangSa WangKan ShiNing-Hui SunYun-Gang Bao,2023,https://link.springer.com/article/10.1007/s11390-023-3285-8,Article
Predicting grain size in extruded AA6063 profiles: A unified approach based on finite element analysis and machine learning,The International Journal of Advanced Manufacturing Technology,,,,10.1007/s00170-024-14021-9,Marco NegozioVincenzo FerraroLorenzo DonatiAdrian H. A. Lutey,2024,https://link.springer.com/article/10.1007/s00170-024-14021-9,Article
"DeepPrep: an accelerated, scalable and robust pipeline for neuroimaging preprocessing empowered by deep learning",Nature Methods,,,,10.1038/s41592-025-02599-1,Jianxun RenNing AnCong LinYoujia ZhangZhenyu SunWei ZhangShiyi LiNing GuoWeigang CuiQingyu HuWeiwei WangXuehai WuYinyan WangTao JiangTheodore D. SatterthwaiteDanhong WangHesheng Liu,2025,https://link.springer.com/article/10.1038/s41592-025-02599-1,Article
A systematic quality-integrated diagnostic method for complex product assembly using multi-task spatial–temporal transfer learning,The International Journal of Advanced Manufacturing Technology,,,,10.1007/s00170-024-14433-7,Xun ChengFeihong HuangLinqiong Qiu,2024,https://link.springer.com/article/10.1007/s00170-024-14433-7,Article
I/O Systems and Patterns,The Structure and Interpretation of the SMB Protocol,,,,10.1007/978-981-10-7805-7_8,Sunu EngineerAnu Engineer,2026,https://link.springer.com/chapter/10.1007/978-981-10-7805-7_8,Chapter
Fetal Assessment Suite (FetAS): a web-based platform for automatic fetal MRI analysis using AI,Scientific Reports,,,,10.1038/s41598-025-32298-y,Alejo CostanzoAdam LimMichael PereiraYasmin ModaraiJustin LoNika MomeniJoshua EisenstatMatthias W. WagnerLogi VidarssonElka MillerBirgit Ertl-WagnerDafna Sussman,2025,https://link.springer.com/article/10.1038/s41598-025-32298-y,Article
Integrating ACI with Virtualization and Container Platforms,Cisco ACI: Zero to Hero,,,,10.1007/978-1-4842-8838-2_9,Jan Janovic,2023,https://link.springer.com/chapter/10.1007/978-1-4842-8838-2_9,Chapter
Reconstruction of residual stresses in additively manufactured Inconel 718 bridge structures using contour method,The International Journal of Advanced Manufacturing Technology,,,,10.1007/s00170-025-15417-x,Fatih UzunAlexander M. Korsunsky,2025,https://link.springer.com/article/10.1007/s00170-025-15417-x,Article
Analyzing the airborne birch and grass pollen monitoring network of Belgium,Aerobiologia,,,,10.1007/s10453-025-09846-0,Willem W. VerstraetenRostislav KouznetsovNicolas BruffaertsMikhail SofievAndy W. Delcloo,2025,https://link.springer.com/article/10.1007/s10453-025-09846-0,Article
Microservices Architecture and Design,Cloud Native Architecture and Design,,,,10.1007/978-1-4842-7226-8_5,Shivakumar R Goniwada,2022,https://link.springer.com/chapter/10.1007/978-1-4842-7226-8_5,Chapter
Regulating membrane curvature,Regulatory Mechanisms of Intracellular Membrane Transport,,,,10.1007/b98566,Joost C.M. Holthuis,,https://link.springer.com/chapter/10.1007/b98566,Chapter
Architectural Background,Shared-Memory Synchronization,,,,10.1007/978-3-031-38684-8_2,Michael L. ScottTrevor Brown,2024,https://link.springer.com/chapter/10.1007/978-3-031-38684-8_2,Chapter
"Mining, Analyzing, and Evolving Data-Intensive Software Ecosystems",Software Ecosystems,,,,10.1007/978-3-031-36060-2_11,Csaba NagyMichele LanzaAnthony Cleve,2023,https://link.springer.com/chapter/10.1007/978-3-031-36060-2_11,Chapter
Ansible for K8s Tasks,Ansible for Kubernetes by Example,,,,10.1007/978-1-4842-9285-3_4,Luca Berton,2023,https://link.springer.com/chapter/10.1007/978-1-4842-9285-3_4,Chapter
Patterns for Writing Structured Streaming Applications,Modern Data Engineering with Apache Spark,,,,10.1007/978-1-4842-7452-1_10,Scott Haines,2022,https://link.springer.com/chapter/10.1007/978-1-4842-7452-1_10,Chapter
Design and Implementation of Drilling Parameter Acquisition System Based on “Simulation Mode”,Proceedings of the 2021 International Petroleum and Petrochemical Technology Conference,,,,10.1007/978-981-16-9427-1_60,Sheng-wa LiuYong Dai,2022,https://link.springer.com/chapter/10.1007/978-981-16-9427-1_60,Conference paper
Design and Development of Digital Intelligent Fracturing Platform,Proceedings of the International Field Exploration and Development Conference 2022,,,,10.1007/978-981-99-1964-2_609,Long ChaiXinrong ZhongFei Chen,2023,https://link.springer.com/chapter/10.1007/978-981-99-1964-2_609,Conference paper
Docker,"PHP 8 Objects, Patterns, and Practice: Volume 2",,,,10.1007/979-8-8688-0779-4_9,Matt Zandstra,2025,https://link.springer.com/chapter/10.1007/979-8-8688-0779-4_9,Chapter
Accretion Onto Supermassive Black Hole Binaries,New Frontiers in GRMHD Simulations,,,,10.1007/978-981-97-8522-3_14,Eduardo M. GutiérrezLuciano CombiGeoffrey Ryan,2025,https://link.springer.com/chapter/10.1007/978-981-97-8522-3_14,Chapter
Human brain MRI data of intrathecally injected tracer evolution over 72 hours for data-integrated simulations,Scientific Data,,,,10.1038/s41597-026-06564-1,Jørgen N. RisethTimo KochSofie Lysholm LianTryggve Holck StoråsLudmil T. ZikatanovLars Magnus ValnesKaja NordengenKent-André Mardal,2026,https://link.springer.com/article/10.1038/s41597-026-06564-1,Article
Prediction and optimization method for welding quality of components in ship construction,Scientific Reports,,,,10.1038/s41598-024-59490-w,Jinfeng LiuYifa ChengXuwen JingXiaojun LiuYu Chen,2024,https://link.springer.com/article/10.1038/s41598-024-59490-w,Article
Application Architecture,Introducing .NET 6,,,,10.1007/978-1-4842-7319-7_9,Nico Vermeir,2022,https://link.springer.com/chapter/10.1007/978-1-4842-7319-7_9,Chapter
Multi-model hydrological reference dataset over continental Europe and an African basin,Scientific Data,,,,10.1038/s41597-024-03825-9,Bram DroppersOldrich RakovecLeandro AvilaShima AzimiNicolás Cortés-TorresDavid De León PérezRuben ImhoffFélix FrancésStefan KolletRiccardo RigonAlbrecht WeertsLuis Samaniego,2024,https://link.springer.com/article/10.1038/s41597-024-03825-9,Article
Stellar Magnetic Fields,Cosmic Magnetic Fields,,,,10.1007/3540313966_8,Leon MestelJohn D. Landstreet,,https://link.springer.com/chapter/10.1007/3540313966_8,Chapter
A Near-Production Azure-Based Java Application,Microsoft Azure for Java Developers,,,,10.1007/978-1-4842-8251-9_15,Abhishek Mishra,2022,https://link.springer.com/chapter/10.1007/978-1-4842-8251-9_15,Chapter
A digital twin defined autonomous milling process towards the online optimal control of milling deformation for thin-walled parts,The International Journal of Advanced Manufacturing Technology,,,,10.1007/s00170-022-10667-5,Chao ZhangGuanghui ZhouQingfeng XuZhibo WeiChong HanZenghui Wang,2022,https://link.springer.com/article/10.1007/s00170-022-10667-5,Article
Data-Driven Intelligence Empowers Next-Generation Aircraft Engine Innovation,Digital Intelligent Aeroengine,,,,10.1007/978-981-95-0942-3_9,Quanyong XuJiali YangWenyu CaoZhongzhi HuAi HeKai Liu,2026,https://link.springer.com/chapter/10.1007/978-981-95-0942-3_9,Chapter
Numerical modelling of dissolved aluminium dispersion from floating wind farm cathodic protection in the gulf of lion,Ocean Dynamics,,,,10.1007/s10236-025-01730-2,Nicolas MicheletVincent FaureMatthieu DussauzeChristelle CaplatGeorges Safi,2025,https://link.springer.com/article/10.1007/s10236-025-01730-2,Article
"Nondeterminism in Interactive Markov Chains, with Application to the Erlangen Mainframe",Principles of Formal Quantitative Analysis,,,,10.1007/978-3-031-97439-7_2,Hubert GaravelHolger Hermanns,2026,https://link.springer.com/chapter/10.1007/978-3-031-97439-7_2,Chapter
Source code vulnerability detection based on deep learning: a review,Cybersecurity,,,,10.1186/s42400-025-00518-7,Huading SuZhen XuYan ZhangQian Tan,2026,https://link.springer.com/article/10.1186/s42400-025-00518-7,Article
Modern IT Infrastructure and Hello App,Ansible for Kubernetes by Example,,,,10.1007/978-1-4842-9285-3_1,Luca Berton,2023,https://link.springer.com/chapter/10.1007/978-1-4842-9285-3_1,Chapter
Enhancing secure IoT data sharing through dynamic Q-learning and blockchain at the edge,Scientific Reports,,,,10.1038/s41598-025-24510-w,Mustafa BayatMohammad Ali Jabraeil JamaliMahdi AbbasiBabak AnariShahin Akbarpour,2025,https://link.springer.com/article/10.1038/s41598-025-24510-w,Article
A stealing mechanism for delegation methods,The Journal of Supercomputing,,,,10.1007/s11227-021-03719-2,Zhengming YiYiping Yao,2021,https://link.springer.com/article/10.1007/s11227-021-03719-2,Article
Build Relational and Non-Relational Data Solutions on Azure,Modern Data Architecture on Azure,,,,10.1007/978-1-4842-9760-5_2,Sagar Lad,2023,https://link.springer.com/chapter/10.1007/978-1-4842-9760-5_2,Chapter
A survey of safety and trustworthiness of large language models through the lens of verification and validation,Artificial Intelligence Review,,,,10.1007/s10462-024-10824-0,Xiaowei HuangWenjie RuanWei HuangGaojie JinYi DongChangshun WuSaddek BensalemRonghui MuYi QiXingyu ZhaoKaiwen CaiYanghao ZhangSihao WuPeipei XuDengyu WuAndre FreitasMustafa A. Mustafa,2024,https://link.springer.com/article/10.1007/s10462-024-10824-0,Article
Infrastructure RCA,Observability For Legacy Systems,,,,10.1007/979-8-8688-1688-8_6,Hyen Seuk Jeong,2025,https://link.springer.com/chapter/10.1007/979-8-8688-1688-8_6,Chapter
Comparative analysis of Microsoft Kinect Azure and manual measurement methods in the sit and reach test among elite female weightlifters,Scientific Reports,,,,10.1038/s41598-025-09754-w,Usame Ömer OsmanoğluKenan ErdağiBülent IŞIKSerkan ÖrücüErkan Özbay,2025,https://link.springer.com/article/10.1038/s41598-025-09754-w,Article
"A parsimonious, computationally efficient machine learning method for spatial regression",Stochastic Environmental Research and Risk Assessment,,,,10.1007/s00477-023-02656-1,Milan ŽukovičDionissios T. Hristopulos,2024,https://link.springer.com/article/10.1007/s00477-023-02656-1,Article
Solid-State Materials for Few-Cycle Pulse Generation and Amplification,Few-Cycle Laser Pulse Generation and Its Applications,,,,10.1007/978-3-540-39849-3_1,Evgeni Sorokin,,https://link.springer.com/chapter/10.1007/978-3-540-39849-3_1,Chapter
Conflict-Free Replicated Data Types (CRDTs),Encyclopedia of Big Data Technologies,,,,10.1007/978-3-319-63962-8_185-2,Nuno PreguiçaCarlos BaqueroMarc Shapiro,2022,https://link.springer.com/rwe/10.1007/978-3-319-63962-8_185-2,Living reference work entry
"Design, Development, and Analysis of Ultrasonic Fall Rate Measuring System for Primary Pressure Standard",Journal of The Institution of Engineers (India): Series C,,,,10.1007/s40032-023-01019-7,Rahul KumarKalpana YadavP. K. DubeyAfaqul ZaferAshok KumarSanjay Yadav,2024,https://link.springer.com/article/10.1007/s40032-023-01019-7,Article
Workflow Orchestration with Apache Airflow,Modern Data Engineering with Apache Spark,,,,10.1007/978-1-4842-7452-1_8,Scott Haines,2022,https://link.springer.com/chapter/10.1007/978-1-4842-7452-1_8,Chapter
Integration and Data,Building Enterprise IoT Solutions with Eclipse IoT Technologies,,,,10.1007/978-1-4842-8882-5_13,Frédéric Desbiens,2023,https://link.springer.com/chapter/10.1007/978-1-4842-8882-5_13,Chapter
A novel spatio-temporal trajectory data-driven development approach for autonomous vehicles,Frontiers of Earth Science,,,,10.1007/s11707-021-0938-1,Menghan ZhangMingjun MaJingying ZhangMingzhuo ZhangBo LiDehui Du,2021,https://link.springer.com/article/10.1007/s11707-021-0938-1,Article
Work with Azure Cosmos DB,Microsoft Azure for Java Developers,,,,10.1007/978-1-4842-8251-9_8,Abhishek Mishra,2022,https://link.springer.com/chapter/10.1007/978-1-4842-8251-9_8,Chapter
Architectures for Machine Learning,Handbook of Computer Architecture,,,,10.1007/978-981-97-9314-3_12,Yongkui YangChao ChenZheng Wang,2025,https://link.springer.com/rwe/10.1007/978-981-97-9314-3_12,Reference work entry
SMT-Based Planning Synthesis for Distributed System Reconfigurations,Fundamental Approaches to Software Engineering,,,,10.1007/978-3-030-99429-7_15,Simon RobillardHélène Coullon,2022,https://link.springer.com/chapter/10.1007/978-3-030-99429-7_15,Conference paper
2PC*: a distributed transaction concurrency control protocol of multi-microservice based on cloud computing platform,Journal of Cloud Computing,,,,10.1186/s13677-020-00183-w,Pan FanJing LiuWei YinHui WangXiaohong ChenHaiying Sun,2020,https://link.springer.com/article/10.1186/s13677-020-00183-w,Article
Essential Theory,Shared-Memory Synchronization,,,,10.1007/978-3-031-38684-8_3,Michael L. ScottTrevor Brown,2024,https://link.springer.com/chapter/10.1007/978-3-031-38684-8_3,Chapter
CEPC Technical Design Report: Accelerator,Radiation Detection Technology and Methods,,,,10.1007/s41605-024-00463-y,Jie Gao,2024,https://link.springer.com/article/10.1007/s41605-024-00463-y,Article
Quantum-Dot Lasers,Single Quantum Dots,,,,10.1007/978-3-540-39180-7_5,Heinz SchweizerMichael JetterFerdinand Scholz,,https://link.springer.com/chapter/10.1007/978-3-540-39180-7_5,Chapter
Getting Started with Java Development for Azure,Microsoft Azure for Java Developers,,,,10.1007/978-1-4842-8251-9_1,Abhishek Mishra,2022,https://link.springer.com/chapter/10.1007/978-1-4842-8251-9_1,Chapter
Data Ingestion for AI,Productionizing AI,,,,10.1007/978-1-4842-8817-7_3,Barry Walsh,2023,https://link.springer.com/chapter/10.1007/978-1-4842-8817-7_3,Chapter
A Divide &amp; Conquer Approach to Testing Concurrent Java Programs with JPF and&#xa0;Maude,Structured Object-Oriented Formal Language and Method,,,,10.1007/978-3-030-41418-4_4,Canh Minh DoKazuhiro Ogata,2020,https://link.springer.com/chapter/10.1007/978-3-030-41418-4_4,Conference paper
Artificial neural network modeling of rotary flow around a permeable sphere in Jeffrey fluid with magnetic field effects,International Journal of Mechanics and Materials in Design,,,,10.1007/s10999-026-09871-y,P. AparnaM. Pavan Kumar ReddyRajani IndrakantiMD. ShamshuddinV. Ganesh Kumar,2026,https://link.springer.com/article/10.1007/s10999-026-09871-y,Article
Understanding the 2016–2018 Freshening Dynamics of the Beaufort Gyre Through Observations and Model Reanalysis,Remote Sensing in Earth Systems Sciences,,,,10.1007/s41976-025-00269-6,Christina GregoryGanesh GopalakrishnanBulusu Subrahmanyam,2026,https://link.springer.com/article/10.1007/s41976-025-00269-6,Article
Autoscaling tiered cloud storage in Anna,The VLDB Journal,,,,10.1007/s00778-020-00632-7,Chenggang WuVikram SreekantiJoseph M. Hellerstein,2020,https://link.springer.com/article/10.1007/s00778-020-00632-7,Article
AI and BA Platforms,Artificial Intelligence for Business Analytics,,,,10.1007/978-3-658-37599-7_3,Felix Weber,2023,https://link.springer.com/chapter/10.1007/978-3-658-37599-7_3,Chapter
A Real-Time Review of Social Health Protection and Health Informatics Support for COVID-19 Outbreak,Healthcare Informatics for Fighting COVID-19 and Future Epidemics,,,,10.1007/978-3-030-72752-9_2,Chokri ArfaIlker DastanKamel BarkaouiBorgi Taoufik,2022,https://link.springer.com/chapter/10.1007/978-3-030-72752-9_2,Chapter
Predicting edge cracking in sheet metal forming: evaluating machine learning models and data transformations,The International Journal of Advanced Manufacturing Technology,,,,10.1007/s00170-025-15721-6,José ContentePedro Prates,2025,https://link.springer.com/article/10.1007/s00170-025-15721-6,Article
Recent Developments in Big Data Warehouses,Data Warehouse Systems,,,,10.1007/978-3-662-65167-4_15,Alejandro VaismanEsteban Zimányi,2022,https://link.springer.com/chapter/10.1007/978-3-662-65167-4_15,Chapter
"<span class=""mathjax-tex"">\(\alpha \)</span>-decay half-life predictions for superheavy elements through machine learning techniques",The European Physical Journal A,,,,10.1140/epja/s10050-025-01494-9,S. Madhumitha ShreeM. Balasubramaniam,2025,https://link.springer.com/article/10.1140/epja/s10050-025-01494-9,Article
Verification of a Failure Management Protocol for Stateful IoT Applications,Formal Methods for Industrial Critical Systems,,,,10.1007/978-3-030-58298-2_12,Umar OzeerGwen SalaünLoïc LetondeurFrançois-Gaël OttogalliJean-Marc Vincent,2020,https://link.springer.com/chapter/10.1007/978-3-030-58298-2_12,Conference paper
From enterprise models to low-code applications: mapping DEMO to Mendix; illustrated in the social housing domain,Software and Systems Modeling,,,,10.1007/s10270-024-01156-2,Marien R. KrouwelMartin Op ’t LandHenderik A. Proper,2024,https://link.springer.com/article/10.1007/s10270-024-01156-2,Article
"The European City Networking of the Greek Municipalities, 2007–2020: A Quantitative Approach",City Diplomacy and the Europeanisation of Local Government,,,,10.1007/978-3-031-29500-3_8,Antonios Karvounis,2023,https://link.springer.com/chapter/10.1007/978-3-031-29500-3_8,Chapter
"IDS and IPS in LPWAN (LoRaWAN, Sigfox, and NB-IoT)","Low-Power Wide-Area Networks: Opportunities, Challenges, Risks and Threats",,,,10.1007/978-3-031-32935-7_2,Amar AmouriVishwa Teja AlaparthyIsmail Butun,2023,https://link.springer.com/chapter/10.1007/978-3-031-32935-7_2,Chapter
WOBTree: a write-optimized B+-tree for non-volatile memory,Frontiers of Computer Science,,,,10.1007/s11704-020-0228-1,Haitao WangZhanhuai LiXiao ZhangXiaonan ZhaoSong Jiang,2021,https://link.springer.com/article/10.1007/s11704-020-0228-1,Article
Symbolic Partial-Order Execution for Testing Multi-Threaded Programs,Computer Aided Verification,,,,10.1007/978-3-030-53288-8_18,Daniel SchemmelJulian BüningCésar RodríguezDavid LaprellKlaus Wehrle,2020,https://link.springer.com/chapter/10.1007/978-3-030-53288-8_18,Conference paper
Effective data prediction method for in-memory database applications,The Journal of Supercomputing,,,,10.1007/s11227-019-03050-x,Ji-Tae YunSu-Kyung YoonJeong-Geun KimShin-Dug Kim,2019,https://link.springer.com/article/10.1007/s11227-019-03050-x,Article
A comprehensive survey on record management system using blockchain,Cluster Computing,,,,10.1007/s10586-025-05871-3,Shruti JadonH. S. Manoj KumarBhuvan Vijay KumarShaik Adeeba SaherS. M. ChandanaPrasad B. Honnavalli,2026,https://link.springer.com/article/10.1007/s10586-025-05871-3,Article
Machine Learning Deployment Using Docker,Deploy Machine Learning Models to Production,,,,10.1007/978-1-4842-6546-8_4,Pramod Singh,2021,https://link.springer.com/chapter/10.1007/978-1-4842-6546-8_4,Chapter
Repurposing Open Traffic Data for Estimating the Mobility Performance,Smart Energy for Smart Transport,,,,10.1007/978-3-031-23721-8_45,Špela VerovsekTadeja ZupančičMatevž JuvančičLucija Ažman MomirskiMiha JanežMiha Moškon,2023,https://link.springer.com/chapter/10.1007/978-3-031-23721-8_45,Conference paper
Resource abstraction and data placement for distributed hybrid memory pool,Frontiers of Computer Science,,,,10.1007/s11704-020-9448-7,Tingting ChenHaikun LiuXiaofei LiaoHai Jin,2021,https://link.springer.com/article/10.1007/s11704-020-9448-7,Article
"A Survey of Non-Volatile Main Memory Technologies: State-of-the-Arts, Practices, and Future Directions",Journal of Computer Science and Technology,,,,10.1007/s11390-020-0780-z,Hai-Kun LiuDi ChenHai JinXiao-Fei LiaoBinsheng HeKan HuYu Zhang,2021,https://link.springer.com/article/10.1007/s11390-020-0780-z,Article
Product design lifecycle information model (PDLIM),The International Journal of Advanced Manufacturing Technology,,,,10.1007/s00170-021-07945-z,Xiaojing NiuMeili WangShengfeng Qin,2021,https://link.springer.com/article/10.1007/s00170-021-07945-z,Article
Flexible Packaging Material—Manufacturing Processes and Its Application,Food Packaging,,,,10.1007/978-981-16-4233-3_2,N. C. SahaAnup K. GhoshMeenakshi GargSusmita Dey Sadhu,2022,https://link.springer.com/chapter/10.1007/978-981-16-4233-3_2,Chapter
Consul HCL,Beginning HCL Programming,,,,10.1007/978-1-4842-6634-2_6,Pierluigi RitiDavid Flynn,2021,https://link.springer.com/chapter/10.1007/978-1-4842-6634-2_6,Chapter
Opportunities and Barriers to Using Big Data Technologies in the Metallurgical Industry,Innovations in Digital Economy,,,,10.1007/978-3-030-84845-3_6,Tatiana VerevkaAndrei MirolyubovJuho Makio,2021,https://link.springer.com/chapter/10.1007/978-3-030-84845-3_6,Conference paper
Fostering Growth and Innovation,The Engineering Leadership Playbook,,,,10.1007/979-8-8688-0140-2_5,Raphael Neves,2024,https://link.springer.com/chapter/10.1007/979-8-8688-0140-2_5,Chapter
Domain-Specific Accelerators,In-/Near-Memory Computing,,,,10.1007/978-3-031-01772-8_6,Daichi FujikiXiaowei WangArun SubramaniyanReetuparna Das,2021,https://link.springer.com/chapter/10.1007/978-3-031-01772-8_6,Chapter
Working with Data,Modern Data Engineering with Apache Spark,,,,10.1007/978-1-4842-7452-1_3,Scott Haines,2022,https://link.springer.com/chapter/10.1007/978-1-4842-7452-1_3,Chapter
Dependability Aspects in Configurable Embedded Operating Systems,Dependable Embedded Systems,,,,10.1007/978-3-030-52017-5_4,Horst SchirmeierChristoph BorchertMartin HoffmannChristian DietrichArthur MartensRüdiger KapitzaDaniel LohmannOlaf Spinczyk,2021,https://link.springer.com/chapter/10.1007/978-3-030-52017-5_4,Chapter
Developing Websites,Practical Rust Web Projects,,,,10.1007/978-1-4842-6589-5_2,Shing Lyu,2021,https://link.springer.com/chapter/10.1007/978-1-4842-6589-5_2,Chapter
Integrated Model-Checking for the Design of Safe and Efficient Distributed Software Commissioning,Integrated Formal Methods,,,,10.1007/978-3-030-34968-4_7,Helene CoullonClaude JardDidier Lime,2019,https://link.springer.com/chapter/10.1007/978-3-030-34968-4_7,Conference paper
Tracking the Centre of Asymmetric Vortices Using Wind Velocity Vector Data Fields,Boundary-Layer Meteorology,,,,10.1007/s10546-022-00739-0,Niall BanniganLeigh OrfEric Savory,2022,https://link.springer.com/article/10.1007/s10546-022-00739-0,Article
Hardware-accelerated inference for real-time gravitational-wave astronomy,Nature Astronomy,,,,10.1038/s41550-022-01651-w,Alec GunnyDylan RankinJeffrey KrupaMuhammed SaleemTri NguyenMichael CoughlinPhilip HarrisErik KatsavounidisSteven TimmBurt Holzman,2022,https://link.springer.com/article/10.1038/s41550-022-01651-w,Article
Design of a Security Service Orchestration Framework for NFV,"Mobile Computing, Applications, and Services",,,,10.1007/978-3-030-64214-3_3,Hu SongQianjun WuYuhang ChenMeiya DongRong Wang,2020,https://link.springer.com/chapter/10.1007/978-3-030-64214-3_3,Conference paper
Container Transports,International Shipping,,,,10.1007/978-3-658-34273-9_4,Ralf Witthohn,2023,https://link.springer.com/chapter/10.1007/978-3-658-34273-9_4,Chapter
Understanding and analysis of B+ trees on NVM towards consistency and efficiency,CCF Transactions on High Performance Computing,,,,10.1007/s42514-020-00022-z,Jiangkun HuYoumin ChenYouyou LuXubin HeJiwu Shu,2020,https://link.springer.com/article/10.1007/s42514-020-00022-z,Article
Design and Verification of Multi-Functional Obstacle Avoidance Sensor for the Tianwen-1 Mars Probe,Space Science Reviews,,,,10.1007/s11214-023-00986-8,Feihu ZhuYunfang ZhangYan ZhengShaogang GuoBaocheng HuaYang LiuFenzhi WuLin LiJianfeng ChenChao DongChenglong ZhangYanxu HuZhe CaoShuai HongXiaolei WangLi Wang,2023,https://link.springer.com/article/10.1007/s11214-023-00986-8,Article
"The European City Networking of the Greek Municipalities, 2007–2020: The Faces of Europeanisation",City Diplomacy and the Europeanisation of Local Government,,,,10.1007/978-3-031-29500-3_9,Antonios Karvounis,2023,https://link.springer.com/chapter/10.1007/978-3-031-29500-3_9,Chapter
HAMR: An AADL Multi-platform Code Generation Toolset,"Leveraging Applications of Formal Methods, Verification and Validation",,,,10.1007/978-3-030-89159-6_18,John HatcliffJason BeltRobbyTodd Carpenter,2021,https://link.springer.com/chapter/10.1007/978-3-030-89159-6_18,Conference paper
Virtual machines pre-copy live migration cost modeling and prediction: a survey,Distributed and Parallel Databases,,,,10.1007/s10619-021-07387-2,Mohamed Esam ElsaidHazem M. AbbasChristoph Meinel,2021,https://link.springer.com/article/10.1007/s10619-021-07387-2,Article
Semantics-driven extraction of timed automata from Java programs,Empirical Software Engineering,,,,10.1007/s10664-019-09699-5,Giovanni LivaMuhammad Taimoor KhanMartin Pinzger,2019,https://link.springer.com/article/10.1007/s10664-019-09699-5,Article
Deploying Your Rails Applications,Beginning Rails 6,,,,10.1007/978-1-4842-5716-6_18,Brady SomervilleAdam GambleCloves Carneiro Jr.Rida Al Barazi,2020,https://link.springer.com/chapter/10.1007/978-1-4842-5716-6_18,Chapter
A Survey on Routing Protocols for Wireless Sensor Networks,Advances in Information Communication Technology and Computing,,,,10.1007/978-981-15-5421-6_15,Anita ChandelVikram Singh ChouhanSunil Sharma,2021,https://link.springer.com/chapter/10.1007/978-981-15-5421-6_15,Conference paper
Architectures for Machine Learning,Handbook of Computer Architecture,,,,10.1007/978-981-15-6401-7_12-1,Yongkui YangChao ChenZheng Wang,2022,https://link.springer.com/rwe/10.1007/978-981-15-6401-7_12-1,Living reference work entry
Automating Production Environments for Quality,DevSecOps for .NET Core,,,,10.1007/978-1-4842-5850-7_6,Afzaal Ahmad Zeeshan,2020,https://link.springer.com/chapter/10.1007/978-1-4842-5850-7_6,Chapter
Analysis of a novel sustainability framework based on economic and environmental aspects in graphene-based dielectric electric discharge machining,The International Journal of Advanced Manufacturing Technology,,,,10.1007/s00170-021-08548-4,Muhammad HanifLi ZhangWasim Ahmad,2022,https://link.springer.com/article/10.1007/s00170-021-08548-4,Article
Practical Machine-Checked Formalization of Change Impact Analysis,Tools and Algorithms for the Construction and Analysis of Systems,,,,10.1007/978-3-030-45237-7_9,Karl PalmskogAhmet CelikMilos Gligoric,2020,https://link.springer.com/chapter/10.1007/978-3-030-45237-7_9,Conference paper
"Monitor, Manage, and Optimize",Mapping Data Flows in Azure Data Factory,,,,10.1007/978-1-4842-8612-8_10,Mark Kromer,2022,https://link.springer.com/chapter/10.1007/978-1-4842-8612-8_10,Chapter
Hydrodynamic Performance Prediction of Stepped Planing Craft Using CFD and ANNs,Journal of Marine Science and Application,,,,10.1007/s11804-020-00182-y,Hamid KazemiM. Mehdi DoustdarAmin NajafiHashem NowruziM. Javad Ameri,2021,https://link.springer.com/article/10.1007/s11804-020-00182-y,Article
Exploring Type-Level Bisimilarity towards More Expressive Multiparty Session Types,Programming Languages and Systems,,,,10.1007/978-3-030-44914-8_10,Sung-Shik JongmansNobuko Yoshida,2020,https://link.springer.com/chapter/10.1007/978-3-030-44914-8_10,Conference paper
Object-Oriented Implementation of&#xa0;Algebraic Multi-grid Solver for Lattice QCD on SIMD Architectures and GPU Clusters,Computational Science and Its Applications – ICCSA 2021,,,,10.1007/978-3-030-86976-2_15,Issaku KanamoriKen-Ichi IshikawaHideo Matsufuru,2021,https://link.springer.com/chapter/10.1007/978-3-030-86976-2_15,Conference paper
AutoBahn: a concurrency control framework for non-volatile file buffer,Cluster Computing,,,,10.1007/s10586-019-02964-8,Hyeongwon JangSang Youp RheeJae Eun KimYoonhee KimHyuck HanSooyong KangHyungsoo Jung,2019,https://link.springer.com/article/10.1007/s10586-019-02964-8,Article
Atomic Population Kinetics,Plasma Atomic Physics,,,,10.1007/978-3-030-05968-2_6,Frank B. RosmejValery A. AstapenkoValery S. Lisitsa,2021,https://link.springer.com/chapter/10.1007/978-3-030-05968-2_6,Chapter
Resource Aware Scheduling for EDA Regression Jobs,Euro-Par 2019: Parallel Processing Workshops,,,,10.1007/978-3-030-48340-1_49,Saurav NandaGanapathy ParthasarathyParivesh ChoudharyArun Venkatachar,2020,https://link.springer.com/chapter/10.1007/978-3-030-48340-1_49,Conference paper
Architecting IoT Cloud,Intelligent Internet of Things,,,,10.1007/978-3-030-30367-9_4,Farshad FirouziBahar Farahani,2020,https://link.springer.com/chapter/10.1007/978-3-030-30367-9_4,Chapter
XUV laser mass spectrometry for nano-scale 3D elemental profiling of functional thin films,Applied Physics A,,,,10.1007/s00339-020-3381-3,D. BleinerM. TrottmannA. Cabas-VidaniA. WichserY. E. RomanyukA. N. Tiwari,2020,https://link.springer.com/article/10.1007/s00339-020-3381-3,Article
Eager Abstraction for Symbolic Model Checking,Computer Aided Verification,,,,10.1007/978-3-319-96145-3_11,Kenneth L. McMillan,2018,https://link.springer.com/chapter/10.1007/978-3-319-96145-3_11,Conference paper
IDS/IPS and Snort/Suricata Rule Writing,Malware Analysis and Detection Engineering,,,,10.1007/978-1-4842-6193-4_23,Abhijit MohantaAnoop Saldanha,2020,https://link.springer.com/chapter/10.1007/978-1-4842-6193-4_23,Chapter
Design for Manufacturing: Process Integration and Photomask Layout,MEMS Product Development,,,,10.1007/978-3-030-61709-7_11,Alissa M. FitzgeraldCarolyn D. WhiteCharles C. Chung,2021,https://link.springer.com/chapter/10.1007/978-3-030-61709-7_11,Chapter
Neighborhood search-based job scheduling for IoT big data real-time processing in distributed edge-cloud computing environment,The Journal of Supercomputing,,,,10.1007/s11227-020-03343-6,Chunlin LiYiHan ZhangYoulong Luo,2020,https://link.springer.com/article/10.1007/s11227-020-03343-6,Article
Design of DRAM-NAND flash hybrid main memory and Q-learning-based prefetching method,The Journal of Supercomputing,,,,10.1007/s11227-018-2421-7,Su-Kyung YoonYoung-Sun YounJeong-Geun KimShin-Dug Kim,2018,https://link.springer.com/article/10.1007/s11227-018-2421-7,Article
Getting Started with Containers on Amazon AWS,Deploy Containers on AWS,,,,10.1007/978-1-4842-5101-0_1,Shimon Ifrah,2019,https://link.springer.com/chapter/10.1007/978-1-4842-5101-0_1,Chapter
Introducing the Cloud Computing Platform,Hardening Azure Applications,,,,10.1007/978-1-4842-4188-2_1,Suren MachirajuSuraj Gaurav,2019,https://link.springer.com/chapter/10.1007/978-1-4842-4188-2_1,Chapter
"WPF Controls, Layouts, Events, and Data Binding",Pro C# 10 with .NET 6,,,,10.1007/978-1-4842-7869-7_26,Andrew TroelsenPhil Japikse,2022,https://link.springer.com/chapter/10.1007/978-1-4842-7869-7_26,Chapter
CANRT: A Client-Active NVM-Based Radix Tree for Fast Remote Access,Algorithms and Architectures for Parallel Processing,,,,10.1007/978-3-030-60245-1_30,Yaoyao YingKaixin HuangShengan ZhengYaofeng TuLinpeng Huang,2020,https://link.springer.com/chapter/10.1007/978-3-030-60245-1_30,Conference paper
Large-scale graph processing systems: a survey,Frontiers of Information Technology & Electronic Engineering,,,,10.1631/FITEE.1900127,Ning LiuDong-sheng LiYi-ming ZhangXiong-lve Li,2020,https://link.springer.com/article/10.1631/FITEE.1900127,Article
"Gravity, Gradiometry",Encyclopedia of Solid Earth Geophysics,,,,10.1007/978-3-030-58631-7_80,Christopher Jekeli,2021,https://link.springer.com/rwe/10.1007/978-3-030-58631-7_80,Reference work entry
Container Infrastructure Monitoring,Monitoring Microservices and Containerized Applications,,,,10.1007/978-1-4842-6216-0_4,Navin SabharwalPiyush Pandey,2020,https://link.springer.com/chapter/10.1007/978-1-4842-6216-0_4,Chapter
Assessment of the spatio-temporal variability of the added value on precipitation of convection-permitting simulation over the Iberian Peninsula using the RegIPSL regional earth system model,Climate Dynamics,,,,10.1007/s00382-022-06138-y,Namendra Kumar ShahiJan Polcher‬Sophie BastinRomain PennelLluís Fita,2022,https://link.springer.com/article/10.1007/s00382-022-06138-y,Article
Cost-aware horizontal scaling of NoSQL databases using probabilistic model checking,Cluster Computing,,,,10.1007/s10586-017-0816-5,Athanasios NaskosAnastasios GounarisPanagiotis Katsaros,2017,https://link.springer.com/article/10.1007/s10586-017-0816-5,Article
The Processing-in-Memory Paradigm: Mechanisms to Enable Adoption,Beyond-CMOS Technologies for Next Generation Computer Design,,,,10.1007/978-3-319-90385-9_5,Saugata GhoseKevin HsiehAmirali BoroumandRachata AusavarungnirunOnur Mutlu,2019,https://link.springer.com/chapter/10.1007/978-3-319-90385-9_5,Chapter
KI- und BA-Plattformen,Künstliche Intelligenz für Business Analytics,,,,10.1007/978-3-658-29773-2_3,Felix Weber,2020,https://link.springer.com/chapter/10.1007/978-3-658-29773-2_3,Chapter
Web Performance Monitoring and Infrastructure Planning,Modern Web Performance Optimization,,,,10.1007/978-1-4842-6528-4_7,Shailesh Kumar Shivakumar,2020,https://link.springer.com/chapter/10.1007/978-1-4842-6528-4_7,Chapter
A synergistic approach to improving symbolic execution using test ranges,Innovations in Systems and Software Engineering,,,,10.1007/s11334-019-00331-9,Guowei YangRui QiuSarfraz KhurshidCorina S. PăsăreanuJunye Wen,2019,https://link.springer.com/article/10.1007/s11334-019-00331-9,Article
Data Assimilation for a Quasi-Geostrophic Model with Circulation-Preserving Stochastic Transport Noise,Journal of Statistical Physics,,,,10.1007/s10955-020-02524-0,Colin CotterDan CrisanDarryl HolmWei PanIgor Shevchenko,2020,https://link.springer.com/article/10.1007/s10955-020-02524-0,Article
Backbone and methyl assignment of bacteriorhodopsin incorporated into nanodiscs,Journal of Biomolecular NMR,,,,10.1007/s10858-019-00289-7,Laurens KooijmanPhilipp AnsorgeMatthias SchusterChristian BaumannFrank LöhrSimon JurtPeter GüntertOliver Zerbe,2019,https://link.springer.com/article/10.1007/s10858-019-00289-7,Article
Designing Security for APIs,Advanced API Security,,,,10.1007/978-1-4842-2050-4_2,Prabath Siriwardena,2020,https://link.springer.com/chapter/10.1007/978-1-4842-2050-4_2,Chapter
Access control technologies for Big Data management systems: literature review and future trends,Cybersecurity,,,,10.1186/s42400-018-0020-9,Pietro ColomboElena Ferrari,2019,https://link.springer.com/article/10.1186/s42400-018-0020-9,Article
Server Side,Rust for the IoT,,,,10.1007/978-1-4842-5860-6_2,Joseph Faisal Nusairat,2020,https://link.springer.com/chapter/10.1007/978-1-4842-5860-6_2,Chapter
Conflict-Free Replicated Data Types CRDTs,Encyclopedia of Big Data Technologies,,,,10.1007/978-3-319-77525-8_185,Nuno PreguiçaCarlos BaqueroMarc Shapiro,2019,https://link.springer.com/rwe/10.1007/978-3-319-77525-8_185,Reference work entry
Microservices: The Evolution and Extinction of Web Services?,Microservices,,,,10.1007/978-3-030-31646-4_1,Luciano BaresiMartin Garriga,2020,https://link.springer.com/chapter/10.1007/978-3-030-31646-4_1,Chapter
Hardware Architectures and Circuits,Software Defined Chips,,,,10.1007/978-981-19-6994-2_3,Shaojun WeiLeibo LiuJianfeng ZhuChenchen Deng,2022,https://link.springer.com/chapter/10.1007/978-981-19-6994-2_3,Chapter
CoCon: A Conference Management System with Formally Verified Document Confidentiality,Journal of Automated Reasoning,,,,10.1007/s10817-020-09566-9,Andrei PopescuPeter LammichPing Hou,2020,https://link.springer.com/article/10.1007/s10817-020-09566-9,Article
Convoider: A Concurrency Bug Avoider Based on Transparent Software Transactional Memory,International Journal of Parallel Programming,,,,10.1007/s10766-019-00642-1,Zhen YuYu ZuoYong Zhao,2019,https://link.springer.com/article/10.1007/s10766-019-00642-1,Article
Transportation of lithium batteries and lithium-ion batteries,Lithium-Ion Batteries: Basics and Applications,,,,10.1007/978-3-662-53071-9_26,Ehsan Rahimzei,2018,https://link.springer.com/chapter/10.1007/978-3-662-53071-9_26,Chapter
Cyclic Strain Heterogeneity and Damage Formation in Rolled Magnesium Via In Situ Microscopic Image Correlation,Experimental Mechanics,,,,10.1007/s11340-020-00612-6,N. ShafaghiE. KapanC. C. Aydıner,2020,https://link.springer.com/article/10.1007/s11340-020-00612-6,Article
Simultaneous multi-descent regression and feature learning for facial landmarking in depth images,Neural Computing and Applications,,,,10.1007/s00521-019-04529-7,Janez KrižajPeter PeerVitomir ŠtrucSimon Dobrišek,2019,https://link.springer.com/article/10.1007/s00521-019-04529-7,Article
"Gravity, Gradiometry",Encyclopedia of Solid Earth Geophysics,,,,10.1007/978-3-030-10475-7_80-1,Christopher Jekeli,2020,https://link.springer.com/rwe/10.1007/978-3-030-10475-7_80-1,Living reference work entry
Implementation and Comparative Evaluation of an Outsourcing Approach to Real-Time Network Services in&#xa0;Commodity Hosted Environments,Cloud Computing – CLOUD 2018,,,,10.1007/978-3-319-94295-7_13,Oscar GarciaYasushi ShinjoCalton Pu,2018,https://link.springer.com/chapter/10.1007/978-3-319-94295-7_13,Conference paper
Simulations,Random Fields for Spatial Data Modeling,,,,10.1007/978-94-024-1918-4_16,Dionissios T. Hristopulos,2020,https://link.springer.com/chapter/10.1007/978-94-024-1918-4_16,Chapter
Deformation-induced atomic redistribution in bcc Fe–Mn alloy,Bulletin of the Russian Academy of Sciences: Physics,,,,10.3103/S1062873817070164,K. A. KozlovV. A. ShabashovV. V. SagaradzeV. P. PilyuginK. A. LyashkovA. E. Zamatovsky,2017,https://link.springer.com/article/10.3103/S1062873817070164,Article
"WPF Controls, Layouts, Events, and Data Binding",Pro C# 8 with .NET Core 3,,,,10.1007/978-1-4842-5756-2_25,Andrew TroelsenPhil Japikse,2020,https://link.springer.com/chapter/10.1007/978-1-4842-5756-2_25,Chapter
Reliable and secure data transfer in IoT networks,Wireless Networks,,,,10.1007/s11276-019-02036-0,Sarada Prasad GochhayatChhagan LalLokesh SharmaD. P. SharmaDeepak GuptaJose Antonio Marmolejo SaucedoUtku Kose,2019,https://link.springer.com/article/10.1007/s11276-019-02036-0,Article
Adaptive correlated prefetch with large-scale hybrid memory system for stream processing,The Journal of Supercomputing,,,,10.1007/s11227-018-2466-7,Sung Min LeeSu-Kyung YoonJeong-Geun KimShin-Dug Kim,2018,https://link.springer.com/article/10.1007/s11227-018-2466-7,Article
Response of MG63 osteoblast cells to surface modification of Ti-6Al-4V implant alloy by laser interference lithography,Journal of Bionic Engineering,,,,10.1016/S1672-6529(16)60410-9,Qi LiuWenjun LiLiang CaoJiajia WangYingmin QuXinyue WangRongxian QiuXu DiZuobin WangBojian Liang,2017,https://link.springer.com/article/10.1016/S1672-6529(16)60410-9,Article
Resource Management Approaches in Fog Computing: a Comprehensive Review,Journal of Grid Computing,,,,10.1007/s10723-019-09491-1,Mostafa Ghobaei-AraniAlireza SouriAli A. Rahmanian,2019,https://link.springer.com/article/10.1007/s10723-019-09491-1,Article
Data-Driven Intelligent Decision Support Systems,Intelligent Decision Support Systems,,,,10.1007/978-3-030-87790-3_6,Miquel Sànchez-Marrè,2022,https://link.springer.com/chapter/10.1007/978-3-030-87790-3_6,Chapter
Spin transfer torque in non-collinear magnetic tunnel junctions exhibiting quasiparticle bands: a non-equilibrium Green’s function study,The European Physical Journal B,,,,10.1140/epjb/e2017-80069-8,Selvaraj Mathi Jaya,2017,https://link.springer.com/article/10.1140/epjb/e2017-80069-8,Article
Development of the World’s Network Information Technology,World Internet Development Report 2017,,,,10.1007/978-3-662-57524-6_3,,2019,https://link.springer.com/chapter/10.1007/978-3-662-57524-6_3,Chapter
Design and implementation of an efficient flushing scheme for cloud key-value storage,Cluster Computing,,,,10.1007/s10586-017-1101-3,Yongseok SonHeon Young YeomHyuck Han,2017,https://link.springer.com/article/10.1007/s10586-017-1101-3,Article
ECR 2021 Book of Abstracts,Insights into Imaging,,,,10.1186/s13244-021-01014-5,,2021,https://link.springer.com/article/10.1186/s13244-021-01014-5,Article
Matters of Concurrency,Pro SQL Server Relational Database Design and Implementation,,,,10.1007/978-1-4842-6497-3_12,Louis Davidson,2021,https://link.springer.com/chapter/10.1007/978-1-4842-6497-3_12,Chapter
Magnetic properties and thermal stability of the soft magnetic alloy (Fe<sub>0.7</sub>Co<sub>0.3</sub>)<sub>88</sub>Hf<sub>4</sub>Mo<sub>2</sub>Zr<sub>1</sub>B<sub>4</sub>Cu<sub>1</sub> nanocrystallized in the presence of an alternating magnetic field,Physics of Metals and Metallography,,,,10.1134/S0031918X17100052,N. V. DmitrievaV. A. LukshinaE. G. VolkovaB. N. PhilippovA. P. Potapov,2017,https://link.springer.com/article/10.1134/S0031918X17100052,Article
Coordinate Transformation And Least Squares Solutions,Surveying for Civil and Mine Engineers,,,,10.1007/978-3-030-45803-4_16,John WalkerJoseph Awange,2020,https://link.springer.com/chapter/10.1007/978-3-030-45803-4_16,Chapter
Irreversible work and internal friction in a quantum Otto cycle of a single arbitrary spin,The European Physical Journal D,,,,10.1140/epjd/e2017-70443-1,Selçuk ÇakmakFerdi AltintasAzmi GençtenÖzgür E. Müstecaplıoğlu,2017,https://link.springer.com/article/10.1140/epjd/e2017-70443-1,Article
Giant enhancement and anomalous temperature dependence of magnetism in monodispersed NiPt<sub>2</sub> nanoparticles,Nano Research,,,,10.1007/s12274-017-1643-y,Aixian ShanChinping ChenWei ZhangDaojian ChengXi ShenRicheng YuRongming Wang,2017,https://link.springer.com/article/10.1007/s12274-017-1643-y,Article
Uniform design and optimization of active agent and technology research for A-TIG welding of 2219 aluminum alloy,The International Journal of Advanced Manufacturing Technology,,,,10.1007/s00170-017-0356-4,H. LiJ. S. ZouJ. S. YaoH. P. Peng,2017,https://link.springer.com/article/10.1007/s00170-017-0356-4,Article
Supporting High-Performance and High-Throughput Computing for Experimental Science,Computing and Software for Big Science,,,,10.1007/s41781-019-0022-7,E. A. HuertaRoland HaasShantenu JhaMark NeubauerDaniel S. Katz,2019,https://link.springer.com/article/10.1007/s41781-019-0022-7,Article
A systematic review of provenance systems,Knowledge and Information Systems,,,,10.1007/s10115-018-1164-3,Beatriz PérezJulio RubioCarlos Sáenz-Adán,2018,https://link.springer.com/article/10.1007/s10115-018-1164-3,Article
Methods for controlling the composition and morphology of electrodeposited Fe–Mo and Fe–Co–Mo coatings,Surface Engineering and Applied Electrochemistry,,,,10.3103/S1068375517060138,M. V. Ved’I. Yu. ErmolenkoN. D. SakhnenkoS. I. ZyubanovaYu. I. Sachanova,2017,https://link.springer.com/article/10.3103/S1068375517060138,Article
Influence of grain boundaries on the distribution of components in binary alloys,Physics of the Solid State,,,,10.1134/S1063783417120253,P. E. L’vovV. V. Svetukhin,2017,https://link.springer.com/article/10.1134/S1063783417120253,Article
Visualization Analysis Framework for Large-Scale Software Based on Software Network,Data Science,,,,10.1007/978-981-10-6385-5_63,Shengbing RenMengyu JiaFei HuangYuan Liu,2017,https://link.springer.com/chapter/10.1007/978-981-10-6385-5_63,Conference paper
Deployment,The Full Stack Developer,,,,10.1007/978-1-4842-4152-3_13,Chris Northwood,2018,https://link.springer.com/chapter/10.1007/978-1-4842-4152-3_13,Chapter
Deploying and Running Microservices,Microservices for the Enterprise,,,,10.1007/978-1-4842-3858-5_8,Kasun IndrasiriPrabath Siriwardena,2018,https://link.springer.com/chapter/10.1007/978-1-4842-3858-5_8,Chapter
In-situ observation of microstructural evolution in reheated low carbon bainite weld metals with various Ni contents,Journal of Iron and Steel Research International,,,,10.1016/S1006-706X(18)30019-0,Gao-jun MaoRui CaoJian-hong ChenXi-li GuoYong Jiang,2017,https://link.springer.com/article/10.1016/S1006-706X(18)30019-0,Article
Influence of heat treatment on the efficiency of impact fragmentation of amorphous alloy Fe<sub>73.5</sub>Cu<sub>1</sub>Nb<sub>3</sub>Si<sub>13.5</sub>B<sub>9</sub> ribbons,Russian Metallurgy (Metally),,,,10.1134/S0036029517040115,P. A. KuznetsovE. A. SamodelkinV. N. KlimovA. A. Kashirina,2017,https://link.springer.com/article/10.1134/S0036029517040115,Article
Deformation analysis and error prediction in machining of thin-walled honeycomb-core sandwich structural parts,The International Journal of Advanced Manufacturing Technology,,,,10.1007/s00170-017-1531-3,Gaoqun LiuZhengcai ZhaoYucan FuJiuhua XuZhiqiang Li,2017,https://link.springer.com/article/10.1007/s00170-017-1531-3,Article
Optical assessment of <i>Dunaliella salina</i> microalgae viability upon toxicological testing,Colloid Journal,,,,10.1134/S1061933X17060059,D. S. ChumakovA. A. GolubevL. A. DykmanN. G. KhlebtsovV. A. Bogatyrev,2017,https://link.springer.com/article/10.1134/S1061933X17060059,Article
"The WebLab-Deusto Remote Laboratory Management System Architecture: Achieving Scalability, Interoperability, and Federation of Remote Experimentation",Cyber-Physical Laboratories in Engineering and Science Education,,,,10.1007/978-3-319-76935-6_2,Pablo OrduñaJavier Garcia-ZubiaLuis Rodriguez-GilIgnacio AnguloUnai Hernandez-JayoOlga DziabenkoDiego López-de-Ipiña,2018,https://link.springer.com/chapter/10.1007/978-3-319-76935-6_2,Chapter
Data Preparation,Dynamic Oracle Performance Analytics,,,,10.1007/978-1-4842-4137-0_3,Roger Cornejo,2018,https://link.springer.com/chapter/10.1007/978-1-4842-4137-0_3,Chapter
Wear resistance of cutting tools with a plasma-modified surface layer,Russian Engineering Research,,,,10.3103/S1068798X17100069,B. M. BrzhozovskiiE. P. ZininaV. V. MartynovE. S. Pleshakova,2017,https://link.springer.com/article/10.3103/S1068798X17100069,Article
Deutsch – Englisch,Wörterbuch der Chemie / Dictionary of Chemistry,,,,10.1007/978-3-662-56331-1_1,Theodor C. H. Cole,2018,https://link.springer.com/chapter/10.1007/978-3-662-56331-1_1,Chapter
Quantum tomography of electrical currents,Nature Communications,,,,10.1038/s41467-019-11369-5,R. BisogninA. MargueriteB. RousselM. KumarC. CabartC. ChapdelaineA. Mohammad-DjafariJ.-M. BerroirE. BocquillonB. PlaçaisA. CavannaU. GennserY. JinP. DegiovanniG. Fève,2019,https://link.springer.com/article/10.1038/s41467-019-11369-5,Article
Software Development Kits and Reference Builds,Decoupled Drupal in Practice,,,,10.1007/978-1-4842-4072-4_16,Preston So,2018,https://link.springer.com/chapter/10.1007/978-1-4842-4072-4_16,Chapter
Spectral-kinetic analysis of recombination reaction of heme centers of <i>bd</i>-type quinol oxidase from <i>Escherichia coli</i> with carbon monoxide,Biochemistry (Moscow),,,,10.1134/S000629791711013X,S. A. SiletskyA. V. DyubaD. A. ElkinaM. V. MonakhovaV. B. Borisov,2017,https://link.springer.com/article/10.1134/S000629791711013X,Article
"Investigation of the charge distribution in small cluster ions Ar<Stack>
                <sub>13</sub>
                <sup>+</sup>
              </Stack> and Ar<Stack>
                <sub>19</sub>
                <sup>+</sup>
              </Stack>
                        ",Moscow University Physics Bulletin,,,,10.3103/S0027134917050083,J. G. KorobovaA. E. IeshkinV. S. Chernysh,2017,https://link.springer.com/article/10.3103/S0027134917050083,Article
SWAT Hydrological Model and Big Data Techniques,5G for Future Wireless Networks,,,,10.1007/978-3-319-72823-0_9,Xi GuoBiao WangWei XiongShisheng Jin,2018,https://link.springer.com/chapter/10.1007/978-3-319-72823-0_9,Conference paper
An approach to predict the distortion of thin-walled parts affected by residual stress during the milling process,The International Journal of Advanced Manufacturing Technology,,,,10.1007/s00170-017-0811-2,Xiaohui JiangYifei WangZishan DingHaolin Li,2017,https://link.springer.com/article/10.1007/s00170-017-0811-2,Article
The electronic factor in the act of adsorption of ions on a metal surface,Protection of Metals and Physical Chemistry of Surfaces,,,,10.1134/S207020511703011X,R. N. KuklinV. V. Emets,2017,https://link.springer.com/article/10.1134/S207020511703011X,Article
More Key Settings to a Good Build,Troubleshooting SharePoint,,,,10.1007/978-1-4842-3138-8_3,Stacy Simpkins,2017,https://link.springer.com/chapter/10.1007/978-1-4842-3138-8_3,Chapter
Evolution of ultrafine gold seed nanoparticles with temperature and time and synthesis of plasmonic nanoshells,Colloid Journal,,,,10.1134/S1061933X17050040,O. V. Dement’evaM. E. KartsevaV. M. SukhovV. M. Rudoy,2017,https://link.springer.com/article/10.1134/S1061933X17050040,Article
Deutsch – Englisch,Wörterbuch Labor / Laboratory Dictionary,,,,10.1007/978-3-662-55848-5_1,Theodor C.H. Cole,2018,https://link.springer.com/chapter/10.1007/978-3-662-55848-5_1,Chapter
Distributed NVRAM Cache – Optimization and Evaluation with Power of Adjacency Matrix,Computer Information Systems and Industrial Management,,,,10.1007/978-3-319-59105-6_2,Artur MalinowskiPaweł Czarnul,2017,https://link.springer.com/chapter/10.1007/978-3-319-59105-6_2,Conference paper
Experimental studies on disorderd NbN thin films,Electrodynamics of Quantum-Critical Conductors and Superconductors,,,,10.1007/978-3-319-72802-5_2,Uwe Santiago Pracht,2018,https://link.springer.com/chapter/10.1007/978-3-319-72802-5_2,Chapter
Evaluation of rainfall simulations over Uganda in CORDEX regional climate models,Theoretical and Applied Climatology,,,,10.1007/s00704-018-2643-x,Jesse KisembeAlice FavreAlessandro DosioChristopher LennardGeoffrey SabiitiAlex Nimusiima,2018,https://link.springer.com/article/10.1007/s00704-018-2643-x,Article
English – German,Wörterbuch Labor / Laboratory Dictionary,,,,10.1007/978-3-662-55848-5_2,Theodor C.H. Cole,2018,https://link.springer.com/chapter/10.1007/978-3-662-55848-5_2,Chapter
Web Applications,Web Applications on Azure,,,,10.1007/978-1-4842-2976-7_2,Rob Reagan,2018,https://link.springer.com/chapter/10.1007/978-1-4842-2976-7_2,Chapter
From non-preemptive to preemptive scheduling using synchronization synthesis,Formal Methods in System Design,,,,10.1007/s10703-016-0256-5,Pavol ČernýEdmund M. ClarkeThomas A. HenzingerArjun RadhakrishnaLeonid RyzhykRoopsha SamantaThorsten Tarrach,2016,https://link.springer.com/article/10.1007/s10703-016-0256-5,Article
Surface spin-polarized currents generated in topological insulators by circularly polarized synchrotron radiation and their photoelectron spectroscopy indication,Physics of the Solid State,,,,10.1134/S1063783416080266,A. M. ShikinI. I. KlimovskikhM. V. FilyaninaA. A. RybkinaD. A. PudikovK. A. KokhO. E. Tereshchenko,2016,https://link.springer.com/article/10.1134/S1063783416080266,Article
Deformation-intensified atomic separation in bcc Fe–Mn alloys,The Physics of Metals and Metallography,,,,10.1134/S0031918X16120139,V. A. ShabashovK. A. KozlovK. A. LyashkovA. E. ZamatovskiiS. G. Titova,2016,https://link.springer.com/article/10.1134/S0031918X16120139,Article
Temporal changes in the relationship between tree-ring growth and net primary production in northern Japan: a novel approach to the estimation of seasonal photosynthate allocation to the stem,Ecological Research,,,,10.1007/s11284-018-1639-4,Dai KoideAkihiko Ito,2018,https://link.springer.com/article/10.1007/s11284-018-1639-4,Article
Extension of the sensitivity-based virtual fields to large deformation anisotropic plasticity,International Journal of Material Forming,,,,10.1007/s12289-018-1428-1,Aleksander MarekFrances M. DavisMarco RossiFabrice Pierron,2018,https://link.springer.com/article/10.1007/s12289-018-1428-1,Article
Crystal structure and magnetic properties of Al<sub>2</sub>O<sub>3</sub> nanoparticles by <sup>27</sup>Al NMR data,Physics of the Solid State,,,,10.1134/S1063783417030246,K. N. MikhalevA. Yu. GermovA. E. ErmakovM. A. UiminA. L. BuzlukovO. M. Samatov,2017,https://link.springer.com/article/10.1134/S1063783417030246,Article
Observation of polarized atoms of rubidium isotopes in experiments on optical orientation in a He–Rb mixture under conditions of a pulsed gas discharge,Optics and Spectroscopy,,,,10.1134/S0030400X16110102,S. P. DmitrievN. A. DovatorV. A. KartoshkinG. V. Klementiev,2016,https://link.springer.com/article/10.1134/S0030400X16110102,Article
Enhanced performance of field-effect transistors based on C<sub>60</sub> single crystals with conjugated polyelectrolyte,Science China Chemistry,,,,10.1007/s11426-016-9018-y,Qinfen LiJiake WuRuihan WuYujing LiuHongzheng ChenFei HuangHanying Li,2017,https://link.springer.com/article/10.1007/s11426-016-9018-y,Article
Build a Dev SharePoint Farm with Vagrant and ServerSpec,DevOps for SharePoint,,,,10.1007/978-1-4842-3688-8_3,Oscar MedinaEthan Schumann,2018,https://link.springer.com/chapter/10.1007/978-1-4842-3688-8_3,Chapter
An MPI-IO In-Memory Driver for Non-volatile Pooled Memory of the Kove XPD,High Performance Computing,,,,10.1007/978-3-319-67630-2_48,Julian KunkelEugen Betke,2017,https://link.springer.com/chapter/10.1007/978-3-319-67630-2_48,Conference paper
Distortion caused by residual stresses in machining aeronautical aluminum alloy parts: recent advances,The International Journal of Advanced Manufacturing Technology,,,,10.1007/s00170-016-9066-6,Jian-guang LiShu-qi Wang,2016,https://link.springer.com/article/10.1007/s00170-016-9066-6,Article
Temperature distribution and structure in the heat-affected zone for steel sheets after laser cutting,Inorganic Materials: Applied Research,,,,10.1134/S2075113317010178,A. E. GvozdevN. N. SergeyevI. V. MinayevA. G. KolmakovI. V. TikhonovaA. N. SergeyevD. A. ProvotorovD. M. KhonelidzeD. V. MaliyI. V. Golyshev,2017,https://link.springer.com/article/10.1134/S2075113317010178,Article
SCMKV: A Lightweight Log-Structured Key-Value Store on SCM,Network and Parallel Computing,,,,10.1007/978-3-319-68210-5_1,Zhenjie WangLinpeng HuangYanmin Zhu,2017,https://link.springer.com/chapter/10.1007/978-3-319-68210-5_1,Conference paper
Effects of plastic distortion in the lattice curvature zone of a crack tip,Physical Mesomechanics,,,,10.1134/S1029959917030043,V. E. PaninD. D. MoiseenkoP. V. MaksimovS. V. Panin,2017,https://link.springer.com/article/10.1134/S1029959917030043,Article
Ab initio modeling of decomposition in iron based alloys,Physics of Metals and Metallography,,,,10.1134/S0031918X16130019,O. I. GorbatovYu. N. GornostyrevP. A. KorzhavyiA. V. Ruban,2016,https://link.springer.com/article/10.1134/S0031918X16130019,Article
Docker,Pro Java Clustering and Scalability,,,,10.1007/978-1-4842-2985-9_1,Jorge Acetozi,2017,https://link.springer.com/chapter/10.1007/978-1-4842-2985-9_1,Chapter
Introduction,Safety Assessment of Composite Cylinders for Gas Storage by Statistical Methods,,,,10.1007/978-3-319-49710-5_1,Georg W. Mair,2017,https://link.springer.com/chapter/10.1007/978-3-319-49710-5_1,Chapter
Formal Modelling and Analysis of Distributed Storage Systems,Transactions on Petri Nets and Other Models of Concurrency XII,,,,10.1007/978-3-662-55862-1_4,Jordan de la HoussayeFranck PommereauPhilippe Deniel,2017,https://link.springer.com/chapter/10.1007/978-3-662-55862-1_4,Chapter
Effect of edge vacancies on localized states in a semi-infinite zigzag graphene sheet,JETP Letters,,,,10.1134/S0021364016240024,A. A. GlebovV. L. KatkovV. A. Osipov,2016,https://link.springer.com/article/10.1134/S0021364016240024,Article
Application experience of grade 10Kh9MFB chromium steel for steam shutoff and control valve bodies,Thermal Engineering,,,,10.1134/S0040601517040085,V. N. SkorobogatykhI. A. SchenkovaI. A. DanyushevskiyE. A. Grin’L. Ya. LevkovD. A. PrudnikovD. N. ZhuravlevA. M. Bazhenov,2017,https://link.springer.com/article/10.1134/S0040601517040085,Article
Effect of the liquid phase on the formation of orthorhombic boride during the crystallization of Fe<sub>82</sub>B<sub>18</sub> amorphous ribbons,Russian Metallurgy (Metally),,,,10.1134/S0036029516110148,A. A. SuslovV. I. Lad’yanov,2016,https://link.springer.com/article/10.1134/S0036029516110148,Article
Jahn–Teller effect and the formation of anticorrosive protective layers of nitrilo-tris-methylene-phosphonates on surfaces of steel,Bulletin of the Russian Academy of Sciences: Physics,,,,10.3103/S1062873816110174,F. F. ChausovN. V. SomovE. A. NaimushinaI. N. ShabanovaA. L. Ul’yanovR. M. ZakirovaI. V. FedotovaM. A. ShumilovaV. A. AleksandrovV. G. Petrov,2016,https://link.springer.com/article/10.3103/S1062873816110174,Article
"MapReduce and Its Applications, Challenges, and Architecture: a Comprehensive Review and Directions for Future Research",Journal of Grid Computing,,,,10.1007/s10723-017-9408-0,Seyed Nima KhezrNima Jafari Navimipour,2017,https://link.springer.com/article/10.1007/s10723-017-9408-0,Article
"The effect of reinforcement type on the microstructure, mechanical properties, and wear resistance of A356 matrix composites produced by FSP",The International Journal of Advanced Manufacturing Technology,,,,10.1007/s00170-016-9853-0,Mohammad Hasan ShojaeefardMostafa AkbariParviz AsadiAbolfazl Khalkhali,2016,https://link.springer.com/article/10.1007/s00170-016-9853-0,Article
Interviews and Case Studies,Achieving DevOps,,,,10.1007/978-1-4842-4388-6_9,Dave HarrisonKnox Lively,2019,https://link.springer.com/chapter/10.1007/978-1-4842-4388-6_9,Chapter
Evaluating common land model energy fluxes using FLUXNET data,Advances in Atmospheric Sciences,,,,10.1007/s00376-017-6251-y,Xiangxiang ZhangYongjiu DaiHongzhi CuiRobert E. DickinsonSiguang ZhuNan WeiBinyan YanHua YuanWei ShangguanLili WangWenting Fu,2017,https://link.springer.com/article/10.1007/s00376-017-6251-y,Article
"Anomalies of thermal expansion and electrical resistivity of layered cobaltates YBaCo<sub>2</sub>O<sub>5 + <i>x</i>
                            </sub>: The role of oxygen chain ordering",Physics of the Solid State,,,,10.1134/S1063783416080333,K. R. ZhdanovM. Yu. KamenevaL. P. KozeevaA. N. Lavrov,2016,https://link.springer.com/article/10.1134/S1063783416080333,Article
Deployments,Advanced Microservices,,,,10.1007/978-1-4842-2887-6_3,Thomas Hunter II,2017,https://link.springer.com/chapter/10.1007/978-1-4842-2887-6_3,Chapter
"Short-range order and nonstoichiometry in titanium monoxide TiO<sub>
                <i>y</i>
              </sub> from DFT calculations",Physics of the Solid State,,,,10.1134/S1063783417040102,M. G. KostenkoA. A. Rempel’,2017,https://link.springer.com/article/10.1134/S1063783417040102,Article
"Multiple isomerization of structural units in ion-polymeric heteronuclear gold(III)–zinc(II) complex ([Au{S<sub>2</sub>CN(C<sub>4</sub>H<sub>9</sub>)<sub>2</sub>}<sub>2</sub>]<sub>2</sub>[ZnCl<sub>4</sub>])<i>n</i>: Chemisorption-based synthesis, supramolecular structure (self-organization of long-period cation–cationic polymer chains), and thermal behavior",Russian Journal of Coordination Chemistry,,,,10.1134/S1070328417080036,A. V. IvanovO. V. LosevaT. A. RodinaA. I. Smolentsev,2017,https://link.springer.com/article/10.1134/S1070328417080036,Article
Mechanisms of changes in the human spinal column in response to static and dynamic axial mechanical loading,Human Physiology,,,,10.1134/S0362119716070112,Yu. B. Moiseev,2016,https://link.springer.com/article/10.1134/S0362119716070112,Article
"PbSnTe:In compound: Electron capture levels, galvanomagnetic properties, and THz sensitivity",Semiconductors,,,,10.1134/S1063782616120083,D. V. IshchenkoA. E. KlimovV. N. ShumskyV. S. Epov,2016,https://link.springer.com/article/10.1134/S1063782616120083,Article
"Indexing in flash storage devices: a survey on challenges, current approaches, and future trends",The VLDB Journal,,,,10.1007/s00778-019-00559-8,Athanasios FevgasLeonidas AkritidisPanayiotis BozanisYannis Manolopoulos,2019,https://link.springer.com/article/10.1007/s00778-019-00559-8,Article
Spatial–frequency selection of magnetostatic waves in a two-dimensional magnonic crystal lattice,JETP Letters,,,,10.1134/S0021364016200121,S. A. OdintsovA. V. SadovnikovA. A. GrachevE. N. BegininYu. P. SharaevskiiS. A. Nikitov,2016,https://link.springer.com/article/10.1134/S0021364016200121,Article
Coordinate Transformation and Least Squares Solutions,Surveying for Civil and Mine Engineers,,,,10.1007/978-3-319-53129-8_12,John WalkerJoseph L. Awange,2018,https://link.springer.com/chapter/10.1007/978-3-319-53129-8_12,Chapter
Polypyrrole nanocomposite with water-dispersible graphene,Macromolecular Research,,,,10.1007/s13233-017-5050-8,Woo-Geun JoMashooq KhanLoon-Seng TanHo-Shin JeongShin-Hee LeeSoo-Young Park,2017,https://link.springer.com/article/10.1007/s13233-017-5050-8,Article
Genesis,Central Pain Syndrome,,,,10.1007/978-3-319-56765-5_8,Sergio CanaveroVincenzo Bonicalzi,2018,https://link.springer.com/chapter/10.1007/978-3-319-56765-5_8,Chapter
Cloud Elasticity: A Survey,Algorithmic Aspects of Cloud Computing,,,,10.1007/978-3-319-29919-8_12,Athanasios NaskosAnastasios GounarisSpyros Sioutas,2016,https://link.springer.com/chapter/10.1007/978-3-319-29919-8_12,Conference paper
The LHC timeline: a personal recollection (1980–2012),The European Physical Journal H,,,,10.1140/epjh/e2017-80052-8,Luciano MaianiLuisa Bonolis,2017,https://link.springer.com/article/10.1140/epjh/e2017-80052-8,Article
Introduction to Physical Database Design,Usage-Driven Database Design,,,,10.1007/978-1-4842-2722-0_8,George Tillmann,2017,https://link.springer.com/chapter/10.1007/978-1-4842-2722-0_8,Chapter
Fretting Wear Behavior of APMT Steel at 350°C for Reactor Fuel Cladding Application,MRS Advances,,,,10.1557/adv.2016.532,Thomas WinterJames HugginsRichard NeuPreet SinghChaitanya S. Deo,2016,https://link.springer.com/article/10.1557/adv.2016.532,Article
"Experimental study on variations in charpy impact energies of low carbon steel, depending on welding and specimen cutting method",Journal of Mechanical Science and Technology,,,,10.1007/s12206-016-0408-y,Zhaorui YangHansaem KangYoungseog Lee,2016,https://link.springer.com/article/10.1007/s12206-016-0408-y,Article
Investigation of through thickness residual stress distribution and springback in bent AL plate by slotting method,The International Journal of Advanced Manufacturing Technology,,,,10.1007/s00170-016-9322-9,Chun-guo LiuYuan ZhengXue-guang Zhang,2016,https://link.springer.com/article/10.1007/s00170-016-9322-9,Article
"Effect of a Coulomb well in (In, Ga)As/GaAs quantum wells",Physics of the Solid State,,,,10.1134/S1063783417060245,R. P. SeisyanA. V. KavokinKh. MoumanisM. E. Sasin,2017,https://link.springer.com/article/10.1134/S1063783417060245,Article
Assessment of two versions of regional climate model in simulating the Indian Summer Monsoon over South Asia CORDEX domain,Climate Dynamics,,,,10.1007/s00382-017-3792-9,K. C. PattnayakS. K. PandaVaishali SaraswatS. K. Dash,2017,https://link.springer.com/article/10.1007/s00382-017-3792-9,Article
Design,Datacenter Design and Management,,,,10.1007/978-3-031-01752-0_3,Benjamin C. Lee,2016,https://link.springer.com/chapter/10.1007/978-3-031-01752-0_3,Chapter
Effect of stirring speed and time on microstructure and mechanical properties of Cast Al–Ti–Zr–B<sub>4</sub>C composite produced by stir casting,Russian Journal of Non-Ferrous Metals,,,,10.3103/S1067821216040088,Mohammad RaeiMasoud PanjepourMahmood Meratian,2016,https://link.springer.com/article/10.3103/S1067821216040088,Article
"Structure, phase transformations, mechanical characteristics, and cold resistance of low-carbon martensitic steels",The Physics of Metals and Metallography,,,,10.1134/S0031918X16080081,V. A. KozvoninA. A. ShatsovI. V. RyaposovM. G. ZakirovaK. N. Generalova,2016,https://link.springer.com/article/10.1134/S0031918X16080081,Article
Layer-by-layer composition and structure of silicon subjected to combined gallium and nitrogen ion implantation for the ion synthesis of gallium nitride,Semiconductors,,,,10.1134/S1063782616020135,D. S. KorolevA. N. MikhaylovA. I. BelovV. K. VasilievD. V. GuseinovE. V. OkulichA. A. ShemukhinS. I. SurodinD. E. NikolitchevA. V. NezhdanovA. V. PirogovD. A. PavlovD. I. Tetelbaum,2016,https://link.springer.com/article/10.1134/S1063782616020135,Article
"Files, Virtual Mappings, and IIS Settings",Troubleshooting SharePoint,,,,10.1007/978-1-4842-3138-8_4,Stacy Simpkins,2017,https://link.springer.com/chapter/10.1007/978-1-4842-3138-8_4,Chapter
Lattice Quantum Chromodynamics,An Advanced Course in Computational Nuclear Physics,,,,10.1007/978-3-319-53336-0_3,Tetsuo Hatsuda,2017,https://link.springer.com/chapter/10.1007/978-3-319-53336-0_3,Chapter
Edge absorption and circular photogalvanic effect in 2D topological insulator edges,JETP Letters,,,,10.1134/S0021364016110047,M. V. EntinL. I. Magarill,2016,https://link.springer.com/article/10.1134/S0021364016110047,Article
Interface of transition metal oxides at the atomic scale,"Science China Physics, Mechanics & Astronomy",,,,10.1007/s11433-016-0122-x,Tong-Tong ShangXin-Yu LiuLin Gu,2016,https://link.springer.com/article/10.1007/s11433-016-0122-x,Article
Towards Modelling and Implementation of Reliability and Usability Features for Research-Oriented Cloud Computing Platforms,Evaluation of Novel Approaches to Software Engineering,,,,10.1007/978-3-319-56390-9_8,Maria SpichkovaHeinz W. SchmidtIman I. YusufIan E. ThomasSteve AndroulakisGrischa R. Meyer,2016,https://link.springer.com/chapter/10.1007/978-3-319-56390-9_8,Conference paper
Structural dynamic properties of nonwoven composite mixtures based on ultrafine tissues of poly(3-hydroxybutyrate) with chitosan,Russian Journal of Physical Chemistry B,,,,10.1134/S1990793116040230,S. G. KarpovaA. A. Ol’khovA. L. IordanskiiS. M. LomakinN. S. ShilkinaA. A. Popov,2016,https://link.springer.com/article/10.1134/S1990793116040230,Article
High-rate solidification and melting of concentrated solutions and the Hillert parallel construction,Russian Metallurgy (Metally),,,,10.1134/S0036029516080097,V. G. LebedevP. K. Galenko,2016,https://link.springer.com/article/10.1134/S0036029516080097,Article
Clause Sharing and Partitioning for Cloud-Based SMT Solving,Automated Technology for Verification and Analysis,,,,10.1007/978-3-319-46520-3_27,Matteo MarescottiAntti E. J. HyvärinenNatasha Sharygina,2016,https://link.springer.com/chapter/10.1007/978-3-319-46520-3_27,Conference paper
A self-organized volunteer Cloud for e-Science,The Journal of Supercomputing,,,,10.1007/s11227-015-1564-z,Walid SaadHeithem AbbesChristophe CérinMohamed Jemni,2015,https://link.springer.com/article/10.1007/s11227-015-1564-z,Article
OpenSMT2: An SMT Solver for Multi-core and Cloud Computing,Theory and Applications of Satisfiability Testing – SAT 2016,,,,10.1007/978-3-319-40970-2_35,Antti E. J. HyvärinenMatteo MarescottiLeonardo AltNatasha Sharygina,2016,https://link.springer.com/chapter/10.1007/978-3-319-40970-2_35,Conference paper
"High-Resolution, Fully Distributed Hydrologic Event-Based Simulations Over a Large Watershed in Texas",Arabian Journal for Science and Engineering,,,,10.1007/s13369-017-2446-x,Singaiah ChintalapudiHatim O. SharifChad Furl,2017,https://link.springer.com/article/10.1007/s13369-017-2446-x,Article
"Crystal structure and magnetic properties of binuclear copper(II) complex with 2-<i>N</i>-(phenylhydrazono)-3-((ethyl-2-olato)imino)-1-phenyl-1,2,3-butanetrione",Russian Journal of Coordination Chemistry,,,,10.1134/S1070328416010024,L. D. PopovS. I. LevchenkovI. N. ShcherbakovV. V. TkachevG. V. ShilovYu. P. TupolovaD. S. SamorodnyayaE. V. IvannikovaV. V. LukovV. A. Kogan,2016,https://link.springer.com/article/10.1134/S1070328416010024,Article
Effects of thermal cycles on microstructure evolution of 2219-Al during GTA-additive manufacturing,The International Journal of Advanced Manufacturing Technology,,,,10.1007/s00170-016-8633-1,J. Y. BaiC. L. FanS. b. LinC. L. YangB. L. Dong,2016,https://link.springer.com/article/10.1007/s00170-016-8633-1,Article
Structure of the aluminum alloy Al-Cu-Mg cryorolled to different strains,The Physics of Metals and Metallography,,,,10.1134/S0031918X15050105,S. V. KrymskiyE. V. AvtokratovaO. Sh. SitdikovA. V. MikhaylovskayaM. V. Markushev,2015,https://link.springer.com/article/10.1134/S0031918X15050105,Article
Modification of the structure of surface layers of commercial titanium in the process of treatment by low-energy high-current electron beams,The Physics of Metals and Metallography,,,,10.1134/S0031918X16060089,A. V. PaninM. S. KazachenokO. M. BorodovitsinaO. B. PerevalovaO. M. StepanovaYu. F. Ivanov,2016,https://link.springer.com/article/10.1134/S0031918X16060089,Article
Long term evolution of heat budget in the Mediterranean Sea from Med-CORDEX forced and coupled simulations,Climate Dynamics,,,,10.1007/s00382-016-3363-5,Ali HarzallahGabriel JordàClotilde DuboisGianmaria SanninoAdriana CarilloLaurent LiThomas ArsouzeLeone CavicchiaJonathan BeuvierNaveed Akhtar,2016,https://link.springer.com/article/10.1007/s00382-016-3363-5,Article
Cosmological signals of a mirror twin Higgs,Journal of High Energy Physics,,,,10.1007/JHEP05(2017)038,Nathaniel CraigSeth KorenTimothy Trott,2017,https://link.springer.com/article/10.1007/JHEP05(2017)038,Article
Making Cold Data Identification Efficient in Non-volatile Memory Systems,Web Technologies and Applications,,,,10.1007/978-3-319-45817-5_24,Binbin WangJiwu Shu,2016,https://link.springer.com/chapter/10.1007/978-3-319-45817-5_24,Conference paper
Influence of alloy catalysts with different adhesion at carbon on the synthesis of carbonado polycrystalline diamonds,Steel in Translation,,,,10.3103/S0967091215070104,A. I. Laptev,2015,https://link.springer.com/article/10.3103/S0967091215070104,Article
A wrinkle to sub-100 nm yolk/shell Fe<sub>3</sub>O<sub>4</sub>@SiO<sub>2</sub> nanoparticles,Nano Research,,,,10.1007/s12274-016-1233-4,Hualin DingYunxia ZhangSichao XuGuanghai Li,2016,https://link.springer.com/article/10.1007/s12274-016-1233-4,Article
Nanocrystalline tin dioxide: Basics in relation with gas sensing phenomena part II. Active centers and sensor behavior,Inorganic Materials,,,,10.1134/S0020168516130045,A. V. MarikutsaM. N. RumyantsevaA. M. GaskovA. M. Samoylov,2016,https://link.springer.com/article/10.1134/S0020168516130045,Article
Home Lab Hardware and Software,Building a SharePoint 2016 Home Lab,,,,10.1007/978-1-4842-2170-9_1,Stacy Simpkins,2016,https://link.springer.com/chapter/10.1007/978-1-4842-2170-9_1,Chapter
Damage of Al<sub>2</sub>O<sub>3</sub> ceramics under the action of pulsed ion and plasma fluxes and laser irradiation,Inorganic Materials: Applied Research,,,,10.1134/S2075113316030151,S. A. MaslyaevE. V. MorozovP. A. RomakhinV. N. PimenovV. A. GribkovA. N. TikhonovG. G. BondarenkoA. V. DubrovskyE. E. KazilinI. P. SasinovskayaO. V. Sinitsyna,2016,https://link.springer.com/article/10.1134/S2075113316030151,Article
Installing and Configuring SharePoint,Building a SharePoint 2016 Home Lab,,,,10.1007/978-1-4842-2170-9_10,Stacy Simpkins,2016,https://link.springer.com/chapter/10.1007/978-1-4842-2170-9_10,Chapter
Streamlining Digital Modeling and Building Information Modelling (BIM) Uses for the Oil and Gas Projects,Archives of Computational Methods in Engineering,,,,10.1007/s11831-016-9201-4,Cen-Ying LeeHeap-Yih ChongXiangyu Wang,2016,https://link.springer.com/article/10.1007/s11831-016-9201-4,Article
The influence of deuteration of complex organic molecules on their fluorescence quantum yield (a review),Optics and Spectroscopy,,,,10.1134/S0030400X16100064,V. L. Ermolaev,2016,https://link.springer.com/article/10.1134/S0030400X16100064,Article
Key Settings of a Good Build,Troubleshooting SharePoint,,,,10.1007/978-1-4842-3138-8_2,Stacy Simpkins,2017,https://link.springer.com/chapter/10.1007/978-1-4842-3138-8_2,Chapter
Performance and Stability—Profiling and Improving,PHP Beyond the Web,,,,10.1007/978-1-4842-2481-6_9,Rob Aley,2016,https://link.springer.com/chapter/10.1007/978-1-4842-2481-6_9,Chapter
The Energy Balance Approach,Global Gravity Field Modeling from Satellite-to-Satellite Tracking Data,,,,10.1007/978-3-319-49941-3_5,Christopher Jekeli,2017,https://link.springer.com/chapter/10.1007/978-3-319-49941-3_5,Chapter
Optimization of pulsed current GTAW process parameters for sintered hot forged AISI 4135 P/M steel welds by simulated annealing and genetic algorithm,Journal of Mechanical Science and Technology,,,,10.1007/s12206-015-1218-3,Joby JosephS. Muthukumaran,2016,https://link.springer.com/article/10.1007/s12206-015-1218-3,Article
Bounded Implementations of Replicated Data Types,"Verification, Model Checking, and Abstract Interpretation",,,,10.1007/978-3-662-46081-8_20,Madhavan MukundGautham Shenoy R.S. P. Suresh,2015,https://link.springer.com/chapter/10.1007/978-3-662-46081-8_20,Conference paper
Fabrication of Fe–TiC–Al<sub>2</sub>O<sub>3</sub> composites on the surface of steel using a TiO<sub>2</sub>–Al–C–Fe combustion reaction induced by gas tungsten arc cladding,"International Journal of Minerals, Metallurgy, and Materials",,,,10.1007/s12613-016-1227-y,Mahmood SharifitabarJalil Vahdati KhakiMohsen Haddad Sabzevar,2016,https://link.springer.com/article/10.1007/s12613-016-1227-y,Article
Manufacture of stabilized cold-finished steel,Steel in Translation,,,,10.3103/S0967091215120177,S. A. Zaides,2015,https://link.springer.com/article/10.3103/S0967091215120177,Article
Interaction of the surface of ribbons of amorphous soft-magnetic alloys with vapor during isothermal holding upon heat treatment,The Physics of Metals and Metallography,,,,10.1134/S0031918X15090161,N. A. SkulkinaO. A. IvanovI. O. PavlovaO. A. Minina,2015,https://link.springer.com/article/10.1134/S0031918X15090161,Article
"Molecular dynamics for irradiation driven chemistry:
application to the FEBID process*",The European Physical Journal D,,,,10.1140/epjd/e2016-70283-5,Gennady B. SushkoIlia A. Solov’yovAndrey V. Solov’yov,2016,https://link.springer.com/article/10.1140/epjd/e2016-70283-5,Article
Low-temperature fuel cells: Outlook for application in energy storage systems and materials for their development,Thermal Engineering,,,,10.1134/S0040601516060070,I. A. SteninaE. Yu. SafronovaA. V. LevchenkoYu. A. DobrovolskyA. B. Yaroslavtsev,2016,https://link.springer.com/article/10.1134/S0040601516060070,Article
Diffusion Equations,Diffusion in Solids,,,,10.1007/978-3-319-48206-4_1,Paul Shewmon,2016,https://link.springer.com/chapter/10.1007/978-3-319-48206-4_1,Chapter
Nitriding of Fe-3% Si alloy,Steel in Translation,,,,10.3103/S0967091215020096,M. L. Lobanov,2015,https://link.springer.com/article/10.3103/S0967091215020096,Article
Modelling Fine-Grained Access Control Policies in Grids,Journal of Grid Computing,,,,10.1007/s10723-015-9351-x,Benjamin Aziz,2015,https://link.springer.com/article/10.1007/s10723-015-9351-x,Article
Nonwoven blend composites based on poly(3-hydroxybutyrate)–chitosan ultrathin fibers prepared via electrospinning,Polymer Science Series A,,,,10.1134/S0965545X16010041,S. G. KarpovaA. A. Ol’khovA. L. IordanskiiS. M. LomakinN. S. ShilkinaA. A. PopovK. Z. GumargalievaA. A. Berlin,2016,https://link.springer.com/article/10.1134/S0965545X16010041,Article
Neoliberal Frontiers and Economic Insecurity: Is Basic Income a Solution?,Basic Income in Australia and New Zealand,,,,10.1057/9781137535320_1,Jennifer MaysGreg MarstonJohn Tomlinson,2016,https://link.springer.com/chapter/10.1057/9781137535320_1,Chapter
C–N–P interactions control climate driven changes in regional patterns of C storage on the North Slope of Alaska,Landscape Ecology,,,,10.1007/s10980-015-0266-5,Yueyang JiangAdrian V. RochaEdward B. RastetterGaius R. ShaverUmakant MishraQianlai ZhuangBonnie L. Kwiatkowski,2015,https://link.springer.com/article/10.1007/s10980-015-0266-5,Article
Joint atmospheric-terrestrial water balances for East Africa: a WRF-Hydro case study for the upper Tana River basin,Theoretical and Applied Climatology,,,,10.1007/s00704-017-2050-8,Noah KerandiJoel ArnaultPatrick LauxSven WagnerJohnson KithekaHarald Kunstmann,2017,https://link.springer.com/article/10.1007/s00704-017-2050-8,Article
A hyperbolic phase-field model for rapid solidification of a binary alloy,Journal of Materials Science,,,,10.1007/s10853-014-8686-1,Haifeng WangWangwang KuangXiao ZhangFeng Liu,2014,https://link.springer.com/article/10.1007/s10853-014-8686-1,Article
Influence of low-temperature annealing time on the evolution of the structure and mechanical properties of a titanium Ti-Al-V alloy in the submicrocrystalline state,The Physics of Metals and Metallography,,,,10.1134/S0031918X15030114,I. V. RatochkaO. N. LykovaE. V. Naidenkin,2015,https://link.springer.com/article/10.1134/S0031918X15030114,Article
"Quantum chemical modeling of nanostructured silicon Si<sub>
                <i>n</i>
              </sub> (<i>n</i> = 2—308). The snowball-type structures",Russian Chemical Bulletin,,,,10.1007/s11172-016-1346-7,T. S. ZyubinaA. S. ZyubinYu. A. DobrovolskyV. M. Volokhov,2016,https://link.springer.com/article/10.1007/s11172-016-1346-7,Article
Influence of the machining sequence on the residual stress redistribution and machining quality: analysis and improvement using numerical simulations,The International Journal of Advanced Manufacturing Technology,,,,10.1007/s00170-015-7521-4,X. CeruttiK. Mocellin,2015,https://link.springer.com/article/10.1007/s00170-015-7521-4,Article
Assessment of densification and mechanical property of AISI 8630 steel composition on different heat treatments produced through hot upsetting powder preform forging,Metals and Materials International,,,,10.1007/s12540-015-5105-3,Y. G. BalaS. Raman SankaranarayananK. S. Pandey,2015,https://link.springer.com/article/10.1007/s12540-015-5105-3,Article
An Analysis of Public Clouds Elasticity in the Execution of Scientific Applications: a Survey,Journal of Grid Computing,,,,10.1007/s10723-016-9361-3,Guilherme GalanteLuis Carlos Erpen De BonaAntonio Roberto MuryBruno SchulzeRodrigo da Rosa Righi,2016,https://link.springer.com/article/10.1007/s10723-016-9361-3,Article
Grid based contour parameterization and optimization of extruded aluminum profiles considering structural and manufacturing aspects,Structural and Multidisciplinary Optimization,,,,10.1007/s00158-016-1463-9,Rainer WehrleHorst Baier,2016,https://link.springer.com/article/10.1007/s00158-016-1463-9,Article
Electromagnetically induced transparency resonances inverted in magnetic field,Journal of Experimental and Theoretical Physics,,,,10.1134/S1063776115130142,A. SargsyanD. SarkisyanY. Pashayan-LeroyC. LeroyS. CartalevaA. D. Wilson-GordonM. Auzinsh,2015,https://link.springer.com/article/10.1134/S1063776115130142,Article
Hybrid Transactional Memory Revisited,Distributed Computing,,,,10.1007/978-3-662-48653-5_15,Wenjia RuanMichael Spear,2015,https://link.springer.com/chapter/10.1007/978-3-662-48653-5_15,Conference paper
"Dendrite segregation in Ni<sub>3</sub>Al-based intermetallic single crystals alloyed with Cr, Mo, W, Ti, Co, and Re",Russian Metallurgy (Metally),,,,10.1134/S0036029515070058,A. A. DrozdovK. B. PovarovaA. E. MorozovA. V. AntonovaM. A. BulakhtinaN. A. Alad’ev,2015,https://link.springer.com/article/10.1134/S0036029515070058,Article
Effect of arsenic content and quenching temperature on solidification microstructure and arsenic distribution in iron-arsenic alloys,"International Journal of Minerals, Metallurgy, and Materials",,,,10.1007/s12613-015-1125-8,Wen-bin XinBo SongChuan-gen HuangMing-ming SongGao-yang Song,2015,https://link.springer.com/article/10.1007/s12613-015-1125-8,Article
Abstracts,European Biophysics Journal,,,,10.1007/s00249-017-1222-x,,2017,https://link.springer.com/article/10.1007/s00249-017-1222-x,Article
Simulation of the spectroscopic response and electron dynamics in a double quantum dot,Russian Microelectronics,,,,10.1134/S1063739716010108,A. V. TsukanovV. G. Chekmachev,2016,https://link.springer.com/article/10.1134/S1063739716010108,Article
Tetragonality and the distribution of carbon atoms in the Fe–C martensite: Molecular-dynamics simulation,The Physics of Metals and Metallography,,,,10.1134/S0031918X1601004X,P. V. ChirkovA. A. MirzoevD. A. Mirzaev,2016,https://link.springer.com/article/10.1134/S0031918X1601004X,Article
OpenAtom: Scalable Ab-Initio Molecular Dynamics with Diverse Capabilities,High Performance Computing,,,,10.1007/978-3-319-41321-1_8,Nikhil JainEric BohmEric MikidaSubhasish MandalMinjung KimPrateek JindalQi LiSohrab Ismail-BeigiGlenn J. MartynaLaxmikant V. Kale,2016,https://link.springer.com/chapter/10.1007/978-3-319-41321-1_8,Conference paper
Introducing the Cloud Computing Platform,Hardening Azure Applications,,,,10.1007/978-1-4842-0920-2_1,Suren MachirajuSuraj Gaurav,2015,https://link.springer.com/chapter/10.1007/978-1-4842-0920-2_1,Chapter
"The Big Four: Structural Marginalisation, Globalisation, Demographic Change and Technology",Educating Generation Next,,,,10.1057/9781137526403_3,Lucas Walsh,2016,https://link.springer.com/chapter/10.1057/9781137526403_3,Chapter
One-loop contributions to neutral minima in the inert doublet model,Journal of High Energy Physics,,,,10.1007/JHEP04(2016)099,P. M. FerreiraBogumila SwieŻewska,2016,https://link.springer.com/article/10.1007/JHEP04(2016)099,Article
A survey of dark matter and related topics in cosmology,Frontiers of Physics,,,,10.1007/s11467-016-0583-4,Bing-Lin Young,2016,https://link.springer.com/article/10.1007/s11467-016-0583-4,Article
Increasing the fatigue life of steel and alloys by electron-beam treatment,Steel in Translation,,,,10.3103/S0967091215050046,V. E. GromovS. V. Vorob’evV. V. SizovS. V. KonovalovYu. F. Ivanov,2015,https://link.springer.com/article/10.3103/S0967091215050046,Article
The numerical and experimental evaluations in the weld mushy zone of modern third generation nickel-based superalloys,The International Journal of Advanced Manufacturing Technology,,,,10.1007/s00170-015-7519-y,Homam Naffakh-Moosavy,2015,https://link.springer.com/article/10.1007/s00170-015-7519-y,Article
Introduction,Multi-dimensional Optical Storage,,,,10.1007/978-981-10-0932-7_1,Duanyi Xu,2016,https://link.springer.com/chapter/10.1007/978-981-10-0932-7_1,Chapter
Comparative analysis of the amorphous phases obtained in Ti<sub>50</sub>Ni<sub>25</sub>Cu<sub>25</sub> alloy using different approaches,Bulletin of the Russian Academy of Sciences: Physics,,,,10.3103/S1062873814110240,A. V. ShalimovaA. A. VeligzhaninR. V. SundeevJa. V. ZubavichusA. M. GlezerA. A. Chernyshov,2014,https://link.springer.com/article/10.3103/S1062873814110240,Article
Effective Verification of Replicated Data Types Using Later Appearance Records (LAR),Automated Technology for Verification and Analysis,,,,10.1007/978-3-319-24953-7_23,Madhavan MukundGautham Shenoy R.S. P. Suresh,2015,https://link.springer.com/chapter/10.1007/978-3-319-24953-7_23,Conference paper
Indigenous Knowledge in Mexico: Between Environmentalism and Rural Development,Environmental Governance in Latin America,,,,10.1007/978-1-137-50572-9_4,Mina Kleiche-DrayRoland Waast,2016,https://link.springer.com/chapter/10.1007/978-1-137-50572-9_4,Chapter
Role of the effect of electric field redistribution in the variation of the characteristics of open metal—insulator—metal “sandwich” structures under the action of moisture,Technical Physics,,,,10.1134/S1063784215090133,V. M. MordvintsevV. L. LevinS. E. KudryavtsevL. A. Tsvetkova,2015,https://link.springer.com/article/10.1134/S1063784215090133,Article
Optimal root system strategies for desert phreatophytic seedlings in the search for groundwater,Journal of Arid Land,,,,10.1007/s40333-015-0006-3,Changjun LiFanjiang ZengBo ZhangBo LiuZichun GuoHuanhuan GaoTashpolat Tiyip,2015,https://link.springer.com/article/10.1007/s40333-015-0006-3,Article
Automation,"Microservices, IoT, and Azure",,,,10.1007/978-1-4842-1275-2_5,Bob Familiar,2015,https://link.springer.com/chapter/10.1007/978-1-4842-1275-2_5,Chapter
Hydrogen adsorption and diffusion on the PdTa alloy surface,Journal of Experimental and Theoretical Physics,,,,10.1134/S106377611408007X,S. S. KulkovA. V. BakulinS. E. Kulkova,2014,https://link.springer.com/article/10.1134/S106377611408007X,Article
Quantitative Analysis of Consistency in NoSQL Key-Value Stores,Quantitative Evaluation of Systems,,,,10.1007/978-3-319-22264-6_15,Si LiuSon NguyenJatin GanhotraMuntasir Raihan RahmanIndranil GuptaJosé Meseguer,2015,https://link.springer.com/chapter/10.1007/978-3-319-22264-6_15,Conference paper
Chemical and phase composition of GaMnAs/GaAs/InGaAs spin light-emitting diodes,Semiconductors,,,,10.1134/S1063782614060219,D. E. NikolichevA. V. BoryakovS. Yu. ZubkovR. N. KryukovM. V. DorokhinA. V. Kudrin,2014,https://link.springer.com/article/10.1134/S1063782614060219,Article
Conclusions: Innovation as a Political Project,"Innovation, Democracy and Efficiency",,,,10.1057/9781137449665_5,Francesco GrilloRaffaella Y. Nanetti,2016,https://link.springer.com/chapter/10.1057/9781137449665_5,Chapter
Resonance reflection of light from a ν = 1/3 Laughlin liquid,JETP Letters,,,,10.1134/S0021364014210085,L. V. KulikA. S. ZhuravlevV. E. BistiV. E. KirpichevM. N. KhannanovI. V. Kukushkin,2015,https://link.springer.com/article/10.1134/S0021364014210085,Article
The ISPS Code and the Cost of Port Compliance: An Initial Logistics and Supply Chain Framework for Port Security Assessment and Management,Port Management,,,,10.1057/9781137475770_6,Khalid Bichou,2015,https://link.springer.com/chapter/10.1057/9781137475770_6,Chapter
Formation of an axial texture during drawing steel with a lamellar structure,Doklady Physical Chemistry,,,,10.1134/S0012501614120033,V. M. SchastlivtsevN. A. TereshchenkoI. L. YakovlevaM. V. Chukin,2014,https://link.springer.com/article/10.1134/S0012501614120033,Article
Spread of entanglement and causality,Journal of High Energy Physics,,,,10.1007/JHEP07(2016)077,Horacio CasiniHong LiuMárk Mezei,2016,https://link.springer.com/article/10.1007/JHEP07(2016)077,Article
Experimental Investigation and Large-Eddy Simulation of the Turbulent Flow past a Smooth and Rigid Hemisphere,"Flow, Turbulence and Combustion",,,,10.1007/s10494-015-9690-5,Jens Nikolas WoodGuillaume De NayerStephan SchmidtMichael Breuer,2016,https://link.springer.com/article/10.1007/s10494-015-9690-5,Article
Impacts of urbanization on future climate in China,Climate Dynamics,,,,10.1007/s00382-015-2840-6,Liang ChenOliver W. Frauenfeld,2015,https://link.springer.com/article/10.1007/s00382-015-2840-6,Article
Ordering in V-O and V-N solid solutions: Computer simulation,Bulletin of the Russian Academy of Sciences: Physics,,,,10.3103/S1062873814100050,M. S. BlanterV. V. DmitrievA. V. Ruban,2014,https://link.springer.com/article/10.3103/S1062873814100050,Article
"Structure, microhardness, and strength of a directionally crystallized Al-Ge alloy",Physics of the Solid State,,,,10.1134/S1063783414030111,L. I. DerkachenkoB. N. KorchunovS. P. NikanorovV. N. OsipovV. V. Shpeizman,2014,https://link.springer.com/article/10.1134/S1063783414030111,Article
EPOS 35th Congress Meeting,Journal of Children's Orthopaedics,,,,10.1007/s11832-016-0714-z,,2016,https://link.springer.com/article/10.1007/s11832-016-0714-z,Article
Invariant exchange perturbation theory for multicenter systems: Time-dependent perturbations,Journal of Experimental and Theoretical Physics,,,,10.1134/S106377611502017X,E. V. OrlenkoA. V. EvstafevF. E. Orlenko,2015,https://link.springer.com/article/10.1134/S106377611502017X,Article
Differential equation for tool wear,Russian Engineering Research,,,,10.3103/S1068798X14120193,S. I. Petrushin,2014,https://link.springer.com/article/10.3103/S1068798X14120193,Article
Manifestation of unconventional biexciton states in quantum dots,Nature Communications,,,,10.1038/ncomms6721,Gerald HönigGordon CallsenAndrei SchliwaStefan KalinowskiChristian KindelSatoshi KakoYasuhiko ArakawaDieter BimbergAxel Hoffmann,2014,https://link.springer.com/article/10.1038/ncomms6721,Article
Modeling of transport phenomena and solidification cracking in laser spot bead-on-plate welding of AA6063-T6 alloy. Part I—the mathematical model,The International Journal of Advanced Manufacturing Technology,,,,10.1007/s00170-014-5924-2,Jiangwei LiuZhenghua RaoShengming LiaoPei-Chung Wang,2014,https://link.springer.com/article/10.1007/s00170-014-5924-2,Article
Phosphoinositide-dependent perimembrane mechanisms of regulating cellular processes,Biochemistry (Moscow) Supplement Series A: Membrane and Cell Biology,,,,10.1134/S1990747815020166,Yu. N. Orlov,2015,https://link.springer.com/article/10.1134/S1990747815020166,Article
An investigation on microstructure and properties of dissimilar welded Inconel 625 and SUS 304 using high-power CO<sub>2</sub> laser,The International Journal of Advanced Manufacturing Technology,,,,10.1007/s00170-014-6349-7,Gang LiJian HuangYixiong Wu,2014,https://link.springer.com/article/10.1007/s00170-014-6349-7,Article
"
              <i>In Situ</i> Experimental Study of Near-Tip Strain Evolution of Fatigue Cracks",Experimental Mechanics,,,,10.1007/s11340-015-0014-4,Y.-W. LuC. LuptonM.-L. ZhuJ. Tong,2015,https://link.springer.com/article/10.1007/s11340-015-0014-4,Article
Assessment of Surface-Layer Coherent Structure Detection in Dual-Doppler Lidar Data Based on Virtual Measurements,Boundary-Layer Meteorology,,,,10.1007/s10546-015-0039-3,C. StawiarskiK. TräumnerC. KottmeierC. KniggeS. Raasch,2015,https://link.springer.com/article/10.1007/s10546-015-0039-3,Article
"Bis(pentafluorophenyl)phosphinous acid in the synthesis of <i>P</i>,<i>P</i>-bis(pentafluorophenyl)phosphorylalkanones and -alkanediones",Russian Chemical Bulletin,,,,10.1007/s11172-014-0741-1,E. I. GoryunovI. B. GoryunovaYu. V. NelyubinaN. G. FrolovaE. D. SavinT. V. StrelkovaM. P. PasechnikV. K. Brel,2014,https://link.springer.com/article/10.1007/s11172-014-0741-1,Article
Phonon focusing and temperature dependences of thermal conductivity of silicon nanofilms,Journal of Experimental and Theoretical Physics,,,,10.1134/S1063776115020144,I. I. KuleyevS. M. BakharevI. G. KuleyevV. V. Ustinov,2015,https://link.springer.com/article/10.1134/S1063776115020144,Article
On-Chip Memory Customization,Customizable Computing,,,,10.1007/978-3-031-01748-3_5,Yu-Ting ChenJason CongMichael GillGlenn ReinmanBingjun Xiao,2015,https://link.springer.com/chapter/10.1007/978-3-031-01748-3_5,Chapter
Checking Linearizability of Encapsulated Extended Operations,Programming Languages and Systems,,,,10.1007/978-3-642-54833-8_17,Oren ZomerGuy Golan-GuetaG. RamalingamMooly Sagiv,2014,https://link.springer.com/chapter/10.1007/978-3-642-54833-8_17,Conference paper
Nanofabricated multilayer coatings of Zn-Ni alloy for better corrosion protection,Protection of Metals and Physical Chemistry of Surfaces,,,,10.1134/S2070205113060269,V. R. RaoA. Chitharanjan Hegde,2013,https://link.springer.com/article/10.1134/S2070205113060269,Article
Indigeneity,"Race, Caste, and Indigeneity in Medieval Spanish Travel Literature",,,,10.1057/9781137381385_5,Michael Harney,2015,https://link.springer.com/chapter/10.1057/9781137381385_5,Chapter
"Effect of interband scattering on transport phenomena in <i>p</i>-PbSb<sub>2</sub>Te<sub>4</sub>
            ",Semiconductors,,,,10.1134/S1063782614080193,S. A. NemovN. M. BlagikhM. B. Dzhafarov,2014,https://link.springer.com/article/10.1134/S1063782614080193,Article
Spatial distribution of precipitation annual cycles over South Africa in 10 CORDEX regional climate model present-day simulations,Climate Dynamics,,,,10.1007/s00382-015-2677-z,Alice FavreNathalie PhilipponBenjamin PohlEvangelia-Anna KalognomouChristopher LennardBruce HewitsonGrigori NikulinAlessandro DosioHans-Juergen PanitzRuth Cerezo-Mota,2015,https://link.springer.com/article/10.1007/s00382-015-2677-z,Article
Cytotoxicity and non-specific cellular uptake of bare and surface-modified upconversion nanoparticles in human skin cells,Nano Research,,,,10.1007/s12274-014-0641-6,Anna E. GullerAlla N. GeneralovaElena V. PetersenAndrey V. NechaevInna A. TrusovaNikolay N. LandyshevAnnemarie NadortEkaterina A. GrebenikSergey M. DeyevAnatoly B. ShekhterAndrei V. Zvyagin,2015,https://link.springer.com/article/10.1007/s12274-014-0641-6,Article
Creep analysis of adhesively bonded single lap joint using finite element method,Journal of Mechanical Science and Technology,,,,10.1007/s12206-014-0508-5,Mohammad ZehsazFarid Vakili-TahamiMohammad-Ali Saeimi-Sadigh,2014,https://link.springer.com/article/10.1007/s12206-014-0508-5,Article
Matters of Concurrency,Pro SQL Server Relational Database Design and Implementation,,,,10.1007/978-1-4842-1973-7_11,Louis DavidsonJessica Moss,2016,https://link.springer.com/chapter/10.1007/978-1-4842-1973-7_11,Chapter
Integer and fractional quantum Hall effect in a strip of stripes,The European Physical Journal B,,,,10.1140/epjb/e2014-50395-6,Jelena KlinovajaDaniel Loss,2014,https://link.springer.com/article/10.1140/epjb/e2014-50395-6,Article
Symbolic PathFinder: integrating symbolic execution with model checking for Java bytecode analysis,Automated Software Engineering,,,,10.1007/s10515-013-0122-2,Corina S. PăsăreanuWillem VisserDavid BushnellJaco GeldenhuysPeter MehlitzNeha Rungta,2013,https://link.springer.com/article/10.1007/s10515-013-0122-2,Article
Carbon deposits on a resistive FeCrAl catalyst for the suboxidative pyrolysis of methane,Kinetics and Catalysis,,,,10.1134/S002315841403001X,V. A. BorisovS. S. SigaevaP. G. Tsyrul’nikovM. V. TrenikhinN. N. Leont’evaA. A. SlepterevV. E. KanM. Yu. Biryukov,2014,https://link.springer.com/article/10.1134/S002315841403001X,Article
Gold nanorods core/AgPt alloy nanodots shell: A novel potent antibacterial nanostructure,Nano Research,,,,10.1007/s12274-013-0360-4,Xiaona HuYuyun ZhaoZhijian HuAditya SaranShuai HouTao WenWenqi LiuYinglu JiXingyu JiangXiaochun Wu,2013,https://link.springer.com/article/10.1007/s12274-013-0360-4,Article
Recent developments on nanomaterials-based optical sensors for Hg<sup>2+</sup> detection,Science China Materials,,,,10.1007/s40843-015-0031-8,Junling DuanJinhua Zhan,2015,https://link.springer.com/article/10.1007/s40843-015-0031-8,Article
Impacts of El Niño Southern Oscillation on the global yields of major crops,Nature Communications,,,,10.1038/ncomms4712,Toshichika IizumiJing-Jia LuoAndrew J. ChallinorGen SakuraiMasayuki YokozawaHirofumi SakumaMolly E. BrownToshio Yamagata,2014,https://link.springer.com/article/10.1038/ncomms4712,Article
Direct comparison of MRI and X-ray CT technologies for 3D imaging of root systems in soil: potential and challenges for root trait quantification,Plant Methods,,,,10.1186/s13007-015-0060-z,Ralf MetznerAnja EggertDagmar van DusschotenDaniel PflugfelderStefan GerthUlrich SchurrNorman UhlmannSiegfried Jahnke,2015,https://link.springer.com/article/10.1186/s13007-015-0060-z,Article
Kinematically optimal spacecraft attitude control,Journal of Computer and Systems Sciences International,,,,10.1134/S1064230714050116,M. V. Levskii,2015,https://link.springer.com/article/10.1134/S1064230714050116,Article
Three-dimensional movable cellular automata simulation of elastoplastic deformation and fracture of coatings in contact interaction with a rigid indenter,Physical Mesomechanics,,,,10.1134/S1029959914040067,A. Yu. SmolinG. M. EreminaV. V. SergeevE. V. Shilko,2014,https://link.springer.com/article/10.1134/S1029959914040067,Article
Monolayers of spin-coated L1<sub>0</sub> FePt nanoparticles,The European Physical Journal D,,,,10.1140/epjd/e2013-30504-1,Fereshteh AzarkharmanEsmaiel Saievar IranizadSeyed Ali Sebt,2013,https://link.springer.com/article/10.1140/epjd/e2013-30504-1,Article
"Features of electron transport in relaxed Si/Si<sub>1 − <i>x</i>
              </sub>Ge<sub>
                <i>x</i>
              </sub> transistor heterostructures with a high doping level",Semiconductors,,,,10.1134/S106378261407015X,M. L. OrlovZs. J. HorvathN. L. IvinaV. N. NeverovL. K. Orlov,2014,https://link.springer.com/article/10.1134/S106378261407015X,Article
Density-functional-theory formulation of classical and quantum Hooke’s law,Science China Technological Sciences,,,,10.1007/s11431-014-5500-x,Hao HuFeng Liu,2014,https://link.springer.com/article/10.1007/s11431-014-5500-x,Article
"Behavior of the magnetic subsystems in Nd<sub>2</sub>BaNiO<sub>5</sub>
            ",Journal of Experimental and Theoretical Physics,,,,10.1134/S1063776114030169,E. A. PopovaS. A. KliminM. N. PopovaR. KlingelerN. TristanB. BüchnerA. N. Vasil’ev,2014,https://link.springer.com/article/10.1134/S1063776114030169,Article
Gravitino dark matter and flavor symmetries,Journal of High Energy Physics,,,,10.1007/JHEP08(2014)047,Angelo MonteuxEric CarlsonJonathan M. Cornell,2014,https://link.springer.com/article/10.1007/JHEP08(2014)047,Article
Country Analysis,Foreign Actors’ Influence on Azerbaijan’s Energy Policy,,,,10.1007/978-3-658-11404-6_4,Tina Flegel,2016,https://link.springer.com/chapter/10.1007/978-3-658-11404-6_4,Chapter
Efficient electro-optic semiconductor medium based on type-II heterostructures,Semiconductors,,,,10.1134/S1063782613110201,V. A. ShchukinN. N. LedentsovL. Ya. KarachinskyS. A. BlokhinI. I. NovikovN. A. BogoslovskiyA. V. Savelyev,2013,https://link.springer.com/article/10.1134/S1063782613110201,Article
Persisting Data,Beginning Node.js,,,,10.1007/978-1-4842-0187-9_8,Basarat Ali Syed,2014,https://link.springer.com/chapter/10.1007/978-1-4842-0187-9_8,Chapter
On the thermal stability of the cobalt nanostructure formed under severe plastic deformation,Physics of the Solid State,,,,10.1134/S1063783413120251,Kh. Ya. MulyukovYa. A. Abzgil’dinI. Z. SharipovR. R. MulyukovV. A. Popov,2013,https://link.springer.com/article/10.1134/S1063783413120251,Article
Classification of functional <i>d</i>-metal/graphene interfaces according to a sorption mechanism and the resistance to thermoactivated disordering and melting. MD simulation,Russian Metallurgy (Metally),,,,10.1134/S0036029514080102,V. A. PolukhinE. D. KurbanovaA. E. Galashev,2014,https://link.springer.com/article/10.1134/S0036029514080102,Article
Semantic Web Service Composition: The Web Service Challenge Perspective,Web Services Foundations,,,,10.1007/978-1-4614-7518-7_7,Thomas WeiseM. Brian BlakeSteffen Bleul,2014,https://link.springer.com/chapter/10.1007/978-1-4614-7518-7_7,Chapter
Optimizing the mechanical properties of steel and alloys by adjustment of the defect nanostructure,Steel in Translation,,,,10.3103/S0967091213100069,A. V. Frolov,2013,https://link.springer.com/article/10.3103/S0967091213100069,Article
Formation of the nanostructure in amorphous alloys of the Al-Ni-Y system,Physics of the Solid State,,,,10.1134/S1063783413090023,G. E. AbrosimovaA. S. AroninO. I. BarkalovM. M. Dement’eva,2013,https://link.springer.com/article/10.1134/S1063783413090023,Article
Recurrence of Financial Crises and Suspensions of Gold Payments,The Gold Standard Anchored in Islamic Finance,,,,10.1057/9781137485830_8,Hossein AskariNoureddine Krichene,2014,https://link.springer.com/chapter/10.1057/9781137485830_8,Chapter
Nonstationary effects in the system of coupled quantum dots influenced by Coulomb correlations,Journal of Experimental and Theoretical Physics,,,,10.1134/S1063776114010117,V. N. MantsevichN. S. MaslovaP. I. Arseev,2014,https://link.springer.com/article/10.1134/S1063776114010117,Article
Specific features of photoprocesses in molecules with a styryl group,Optics and Spectroscopy,,,,10.1134/S0030400X13120175,O. V. TimchenkoI. V. Sokolova,2013,https://link.springer.com/article/10.1134/S0030400X13120175,Article
"Thermal, dielectric, and magnetic properties in multiferroic Cu<sub>2.85</sub>Zn<sub>0.15</sub>Mo<sub>2</sub>O<sub>9</sub>
                  ",Journal of the Korean Physical Society,,,,10.3938/jkps.63.542,Haruhiko KuroeKento AokiRyusuke ItohTomohiro HosakaTakuya HasegawaSuguru HachiumaMitsuru AkakiHideki KuwaharaTomoyuki SekineMasashi HaseKunihiko OkaToshimitsu ItoHiroshi Eisaki,2013,https://link.springer.com/article/10.3938/jkps.63.542,Article
Biofuels for Combustion Engines,Fuels From Biomass: An Interdisciplinary Approach,,,,10.1007/978-3-662-45425-1_13,Johannes RichenhagenFlorian KremerCarsten KüpperTobias SpilkerOm Parkash BhardwajMartin Nijs,2015,https://link.springer.com/chapter/10.1007/978-3-662-45425-1_13,Conference paper
Effect of electron correlations on the formation of spiral magnetic states in the two-dimensional <i>t</i>-<i>t</i>′ Hubbard model,JETP Letters,,,,10.1134/S0021364013160054,P. A. IgoshevM. A. TimirgazinA. K. ArzhnikovV. Yu. Irkhin,2013,https://link.springer.com/article/10.1134/S0021364013160054,Article
Obama in the No Spin Zone,Media Talk and Political Elections in Europe and America,,,,10.1057/9781137273321_3,Ian Hutchby,2013,https://link.springer.com/chapter/10.1057/9781137273321_3,Chapter
Resonant tunneling of a few-body cluster through repulsive barriers,Physics of Atomic Nuclei,,,,10.1134/S1063778814030107,A. A. GusevS. I. VinitskyO. ChuluunbaatarL. L. HaiV. L. DerbovA. GóźdźP. M. Krassovitskiy,2014,https://link.springer.com/article/10.1134/S1063778814030107,Article
Investigations of physical and mechanical properties of polymeric nanocomposites (review),Inorganic Materials,,,,10.1134/S0020168513150089,Yu. V. SuvorovaS. I. AlekseevaM. A. FronyaI. V. Viktorova,2013,https://link.springer.com/article/10.1134/S0020168513150089,Article
Nonuniform structure and properties in hot-rolled low-carbon steel coils,Steel in Translation,,,,10.3103/S0967091213090088,L. M. KaputkinaA. V. MarmulevI. V. ShchetininG. HermanE. I. Polyak,2013,https://link.springer.com/article/10.3103/S0967091213090088,Article
"Study of the electronic structure of sodium-vanadium bronze (Na<sub>
                <i>x</i>
              </sub>V<sub>2</sub>O<sub>5</sub>) single crystals at <i>x</i> = 0.23, 0.28, and 0.33","Journal of Surface Investigation. X-ray, Synchrotron and Neutron Techniques",,,,10.1134/S1027451014010339,V. G. NazinL. L. LevV. A. RogalevD. V. VyalykhO. Yu. VilkovD. V. KapustinA. A. BushV. I. Kapustin,2014,https://link.springer.com/article/10.1134/S1027451014010339,Article
Software mutational robustness,Genetic Programming and Evolvable Machines,,,,10.1007/s10710-013-9195-8,Eric SchulteZachary P. FryEthan FastWestley WeimerStephanie Forrest,2013,https://link.springer.com/article/10.1007/s10710-013-9195-8,Article
Troubleshooting Job Failures,Pro Microsoft HDInsight,,,,10.1007/978-1-4302-6056-1_13,Debarchan Sarkar,2014,https://link.springer.com/chapter/10.1007/978-1-4302-6056-1_13,Chapter
Gravitational Self-Force: Orbital Mechanics Beyond Geodesic Motion,"General Relativity, Cosmology and Astrophysics",,,,10.1007/978-3-319-06349-2_6,Leor Barack,2014,https://link.springer.com/chapter/10.1007/978-3-319-06349-2_6,Chapter
Formal Analysis of the ACE Specification for Cache Coherent Systems-on-Chip,Formal Methods for Industrial Critical Systems,,,,10.1007/978-3-642-41010-9_8,Abderahman KriouileWendelin Serwe,2013,https://link.springer.com/chapter/10.1007/978-3-642-41010-9_8,Conference paper
A quantum computer in the scheme of an atomic quantum transistor with logical encoding of qubits,Optics and Spectroscopy,,,,10.1134/S0030400X13090166,S. A. MoiseevS. N. AndrianovE. S. Moiseev,2013,https://link.springer.com/article/10.1134/S0030400X13090166,Article
Creativity: Parables of the Financialized Imagination,Cultures of Financialization,,,,10.1057/9781137355973_6,Max Haiven,2014,https://link.springer.com/chapter/10.1057/9781137355973_6,Chapter
Introduction: A Textuality that Dare not Speak its Name,Radical Larkin,,,,10.1057/9781137410634_1,John Osborne,2014,https://link.springer.com/chapter/10.1057/9781137410634_1,Chapter
h5ebsd: an archival data format for electron back-scatter diffraction data sets,Integrating Materials and Manufacturing Innovation,,,,10.1186/2193-9772-3-4,Michael A JacksonMichael A GroeberMichael D UchicDavid J RowenhorstMarc De Graef,2014,https://link.springer.com/article/10.1186/2193-9772-3-4,Article
Dynamics of a Bose-Einstein condensate of excited magnons,The European Physical Journal B,,,,10.1140/epjb/e2013-40172-6,F. S. VannucchiÁ. R. VasconcellosR. Luzzi,2013,https://link.springer.com/article/10.1140/epjb/e2013-40172-6,Article
The Postcolonial Cultural Industry: Notes on Theory and Practice,The Postcolonial Cultural Industry,,,,10.1057/9781137272591_2,Sandra Ponzanesi,2014,https://link.springer.com/chapter/10.1057/9781137272591_2,Chapter
Global warming likely reduces crop yield and water availability of the dryland cropping systems in the U.S. Central Great Plains,Journal of Crop Science and Biotechnology,,,,10.1007/s12892-013-0106-6,Jonghan KoLajpat R. Ahuja,2013,https://link.springer.com/article/10.1007/s12892-013-0106-6,Article
Effect of parameters of heat treatment on magnetic properties and magnetization distribution in ribbons of amorphous soft magnetic iron-based alloys,The Physics of Metals and Metallography,,,,10.1134/S0031918X13050104,N. A. SkulkinaO. A. IvanovI. O. PavlovaO. A. Minina,2013,https://link.springer.com/article/10.1134/S0031918X13050104,Article
The Use of Clay as an Engineered Barrier in Radioactive-Waste Management a Review,Clays and Clay Minerals,,,,10.1346/CCMN.2013.0610601,Patrik SellinOlivier X. Leupin,2013,https://link.springer.com/article/10.1346/CCMN.2013.0610601,Article
Using Kestrel and XMPP to Support the STAR Experiment in the Cloud,Journal of Grid Computing,,,,10.1007/s10723-013-9253-8,Lance StoutMatthew WalkerJérôme LauretSebastien GoasguenMichael A. Murphy,2013,https://link.springer.com/article/10.1007/s10723-013-9253-8,Article
Dependence of the thermodynamic characteristics of forms of hydrogen adsorbed on a porous nickel surface on the degree of deactivation,Russian Journal of Physical Chemistry A,,,,10.1134/S0036024413070194,M. V. LukinD. A. ProzorovM. V. UlitinM. V. Shepelev,2013,https://link.springer.com/article/10.1134/S0036024413070194,Article
Geological Controls and Block Modeling,Mineral Resource Estimation,,,,10.1007/978-1-4020-5717-5_3,Mario E. RossiClayton V. Deutsch,2014,https://link.springer.com/chapter/10.1007/978-1-4020-5717-5_3,Chapter
Micro-Machinations,Software Language Engineering,,,,10.1007/978-3-319-02654-1_3,Paul KlintRiemer van Rozen,2013,https://link.springer.com/chapter/10.1007/978-3-319-02654-1_3,Conference paper
Temperature renormalization of the conduction electron <i>g</i> factor in silicon,Semiconductors,,,,10.1134/S1063782612120093,A. A. KonakovV. A. BurdovA. A. EzhevskiiA. V. SoukhorukovD. V. GuseinovS. A. Popkov,2013,https://link.springer.com/article/10.1134/S1063782612120093,Article
Formal Verification of Temporal Properties for Reduced Overhead in Grid Scientific Workflows,Journal of Computer Science and Technology,,,,10.1007/s11390-011-1198-4,Jun-Wei CaoFan ZhangKe XuLian-Chen LiuCheng Wu,2011,https://link.springer.com/article/10.1007/s11390-011-1198-4,Article
Supramolecular structure of polylactides: Influence of the crystallization parameters on the structure of film samples,Russian Journal of Applied Chemistry,,,,10.1134/S1070427213030233,D. A. Belov,2013,https://link.springer.com/article/10.1134/S1070427213030233,Article
Characterisation and evaluation of paramagnetic fluorine labelled glycol chitosan conjugates for <sup>19</sup>F and <sup>1</sup>H magnetic resonance imaging,JBIC Journal of Biological Inorganic Chemistry,,,,10.1007/s00775-013-1028-y,Elena De LucaPeter HarveyKirsten H. ChalmersAnurag MishraP. Kanthi SenanayakeJ. Ian WilsonMauro BottaMarianna FeketeAndrew M. BlamireDavid Parker,2013,https://link.springer.com/article/10.1007/s00775-013-1028-y,Article
Interaction of model peridotite with H<sub>2</sub>O-KCl fluid: Experiment at 1.9 GPa and its implications for upper mantle metasomatism,Petrology,,,,10.1134/S0869591113060076,O. G. SafonovV. G. Butvina,2013,https://link.springer.com/article/10.1134/S0869591113060076,Article
Machining deformation prediction for frame components considering multifactor coupling effects,The International Journal of Advanced Manufacturing Technology,,,,10.1007/s00170-012-4718-7,Z. T. TangT. YuL. Q. XuZ. Q. Liu,2013,https://link.springer.com/article/10.1007/s00170-012-4718-7,Article
"Preparation and X-ray diffraction, dielectric, and Mössbauer characterization of Co<sub>1 − <i>x</i>
              </sub>Ni<sub>
                <i>x</i>
              </sub>Cr<sub>2</sub>O<sub>4</sub> solid solutions",Inorganic Materials,,,,10.1134/S0020168513030011,A. A. BushV. Ya. ShkuratovK. E. KamentsevV. M. Cherepanov,2013,https://link.springer.com/article/10.1134/S0020168513030011,Article
Structure degradation and redistribution of alloying elements in austenitic steel of current collectors of solid oxide fuel cells in service,The Physics of Metals and Metallography,,,,10.1134/S0031918X13010043,M. V. DegtyarevV. F. ChukharevT. I. ChashchukhinaL. M. VoronovaV. B. VykhodetsT. E. Kurennykh,2013,https://link.springer.com/article/10.1134/S0031918X13010043,Article
Delphine Gay de Girardin: The Muse Takes Center Stage,"Women Dramatists, Humor, and the French Stage",,,,10.1057/9781137452900_5,Joyce Johnston,2014,https://link.springer.com/chapter/10.1057/9781137452900_5,Chapter
Simulating the structureless emission bands of Mn<sup>2+</sup> ions in ZnCO<sub>3</sub> and CaCO<sub>3</sub> matrices by means of quantum chemistry,Russian Journal of Physical Chemistry A,,,,10.1134/S0036024413020179,M. K. KretovA. V. ScherbininN. F. Stepanov,2013,https://link.springer.com/article/10.1134/S0036024413020179,Article
Scalable Vector Graphics,XML and Web Technologies for Data Sciences with R,,,,10.1007/978-1-4614-7900-0_16,Deborah NolanDuncan Temple Lang,2014,https://link.springer.com/chapter/10.1007/978-1-4614-7900-0_16,Chapter
"Design, Verification and Prototyping the Next Generation of Desktop Grid Middleware",Advances in Grid and Pervasive Computing,,,,10.1007/978-3-642-30767-6_7,Leila AbidiChristophe CérinKais Klai,2012,https://link.springer.com/chapter/10.1007/978-3-642-30767-6_7,Conference paper
Effect of the wetting of grain boundaries on the formation of a solid solution in the Al-Zn system,JETP Letters,,,,10.1134/S0021364012180063,O. A. KogtenkovaB. B. StraumalS. G. ProtasovaA. S. GornakovaP. ZiȩbaT. Czeppe,2012,https://link.springer.com/article/10.1134/S0021364012180063,Article
History matching for exploring and reducing climate model parameter space using observations and a large perturbed physics ensemble,Climate Dynamics,,,,10.1007/s00382-013-1896-4,Daniel WilliamsonMichael GoldsteinLesley AllisonAdam BlakerPeter ChallenorLaura JacksonKuniko Yamazaki,2013,https://link.springer.com/article/10.1007/s00382-013-1896-4,Article
"Effect of particle content, size and temperature on magneto-thermo-mechanical creep behavior of composite cylinders",Journal of Mechanical Science and Technology,,,,10.1007/s12206-013-0213-9,A. LoghmanA. Askari KashanM. Younesi BidgoliA. R. ShajariA. Ghorbanpour Arani,2013,https://link.springer.com/article/10.1007/s12206-013-0213-9,Article
Gluon distribution at very small <i>x</i> from C-even quarkonia production at the LHC,Journal of High Energy Physics,,,,10.1007/JHEP02(2013)069,Dmitri DiakonovM. G. RyskinA. G. Shuvaev,2013,https://link.springer.com/article/10.1007/JHEP02(2013)069,Article
Grinfeld instability as a mechanism of the formation of self-similar structures on aluminum single-crystal foils under cyclic tension,Physics of the Solid State,,,,10.1134/S1063783412120220,P. V. KuznetsovYu. I. TyurinI. P. ChernovT. I. Sigfusson,2012,https://link.springer.com/article/10.1134/S1063783412120220,Article
Architecting Applications with ASP.NET MVC,ASP.NET MVC 4 Recipes,,,,10.1007/978-1-4302-4774-6_6,John Ciliberti,2013,https://link.springer.com/chapter/10.1007/978-1-4302-4774-6_6,Chapter
Abstracts of the 50th EASD Annual Meeting,Diabetologia,,,,10.1007/s00125-014-3355-0,,2014,https://link.springer.com/article/10.1007/s00125-014-3355-0,Article
Architectural Background,Shared-Memory Synchronization,,,,10.1007/978-3-031-01740-7_2,Michael L. Scott,2013,https://link.springer.com/chapter/10.1007/978-3-031-01740-7_2,Chapter
Mechanical alloying as method for introducing carbon in Ni<sub>3</sub>Al intermetallide,The Physics of Metals and Metallography,,,,10.1134/S0031918X12120083,V. K. PortnoiA. V. LeonovA. V. LogachevA. N. StreletskiiV. A. Popov,2012,https://link.springer.com/article/10.1134/S0031918X12120083,Article
Exploring the Relationship between Development and Conflict: The Malaysian Experience,"Development Strategies, Identities, and Conflict in Asia",,,,10.1057/9781137331762_6,Ananthi Al RamiahThillainathan Ramasamy,2013,https://link.springer.com/chapter/10.1057/9781137331762_6,Chapter
Structure of α-FeSi alloys with 8 and 10 at % silicon,Physics of the Solid State,,,,10.1134/S1063783412090107,N. V. ErshovYu. P. ChernenkovV. A. LukshinaV. I. Fedorov,2012,https://link.springer.com/article/10.1134/S1063783412090107,Article
Magnetic and electrical properties of bismuth cobaltite Bi<sub>24</sub>(CoBi)O<sub>40</sub> with charge ordering,Physics of the Solid State,,,,10.1134/S106378341210006X,S. S. AplesninL. V. UdodM. N. SitnikovD. A. VelikanovM. V. GorevM. S. MolokeevA. I. GalyasK. I. Yanushkevich,2012,https://link.springer.com/article/10.1134/S106378341210006X,Article
A mode I fracture analysis of a center-cracked infinite shape memory alloy plate under plane stress,International Journal of Fracture,,,,10.1007/s10704-012-9709-z,Theocharis BaxevanisDimitris Lagoudas,2012,https://link.springer.com/article/10.1007/s10704-012-9709-z,Article
Essential Theory,Shared-Memory Synchronization,,,,10.1007/978-3-031-01740-7_3,Michael L. Scott,2013,https://link.springer.com/chapter/10.1007/978-3-031-01740-7_3,Chapter
Atomic and molecular dynamics triggered by ultrashort light pulses on the atto- to picosecond time scale,The European Physical Journal Special Topics,,,,10.1140/epjst/e2013-01819-x,Stefan Pabst,2013,https://link.springer.com/article/10.1140/epjst/e2013-01819-x,Article
Macroeconomic Impacts of the 2008–09 Crisis in Europe,Economic Crisis in Europe,,,,10.1057/9781137005236_2,András Inotai,2013,https://link.springer.com/chapter/10.1057/9781137005236_2,Chapter
A Lightweight Technique for Distributed and Incremental Program Verification,"Verified Software: Theories, Tools, Experiments",,,,10.1007/978-3-642-27705-4_10,Martin BrainFlorian Schanda,2012,https://link.springer.com/chapter/10.1007/978-3-642-27705-4_10,Conference paper
NV centers in diamond: Quantum-chemical modeling,Bulletin of the Russian Academy of Sciences: Physics,,,,10.3103/S1062873812050048,O. Yu. AnanyinaE. V. Severina,2012,https://link.springer.com/article/10.3103/S1062873812050048,Article
The Business Model — A Powerful Tool to Drive a Strategic Shift,Sustainable Innovation Strategy,,,,10.1057/9781137352613_3,Christophe SempelsJonas Hoffmann,2013,https://link.springer.com/chapter/10.1057/9781137352613_3,Chapter
Features of the interaction between exogeneous nanoparticles of heat-resistant phases and surfactants in simulated nickel melt with consideration for the dimensional factor,Nanotechnologies in Russia,,,,10.1134/S1995078012040027,S. N. AnuchkinV. T. BurtsevA. V. SamokhinM. A. Sinaiskiy,2012,https://link.springer.com/article/10.1134/S1995078012040027,Article
Effect of cooling rate during hot stamping on low cyclic fatigue of boron steel sheet,Metals and Materials International,,,,10.1007/s12540-012-4002-2,Chang Hee SuhWon Seok JangSang Kyun OhRac Gyu LeeYun-Chul JungYoung Suk Kim,2012,https://link.springer.com/article/10.1007/s12540-012-4002-2,Article
Coulomb correlations effects on localized charge relaxation in the coupled quantum dots,The European Physical Journal B,,,,10.1140/epjb/e2012-20948-x,P. I. ArseyevN. S. MaslovaV. N. Mantsevich,2012,https://link.springer.com/article/10.1140/epjb/e2012-20948-x,Article
Prototype of High Performance Scalable Advertising Server with Local Memory Storage and Centralised Processing,Information and Communication Technologies,,,,10.1007/978-3-642-32808-4_18,Jakub Marszałkowski,2012,https://link.springer.com/chapter/10.1007/978-3-642-32808-4_18,Conference paper
Making a Poet,Coleridge’s Experimental Poetics,,,,10.1057/9781137350237_2,J. C. C. Mays,2013,https://link.springer.com/chapter/10.1057/9781137350237_2,Chapter
Potential Energy Surfaces for the Dynamics of Elementary Gas-Surface Processes,Dynamics of Gas-Surface Interactions,,,,10.1007/978-3-642-32955-5_2,Pablo GamalloLudovic Martin-GondreRamón SayósCédric CresposPascal Larrégaray,2013,https://link.springer.com/chapter/10.1007/978-3-642-32955-5_2,Chapter
Improving the efficiency of organic photovoltaic cells by introducing an ultrathin modification layer with a strong dipole moment,Chinese Science Bulletin,,,,10.1007/s11434-012-5098-y,GuangSheng FuWeiGuang KongLingJie HanQiMan YangLiXin HouShaoPeng Yang,2012,https://link.springer.com/article/10.1007/s11434-012-5098-y,Article
Shaw’s Modern Utopia: Back to Methuselah,Bernard Shaw and Totalitarianism,,,,10.1057/9781137330208_5,Matthew Yde,2013,https://link.springer.com/chapter/10.1057/9781137330208_5,Chapter
Effect of lattice relaxation on spin density of nitrogen-vacancy centers in diamond and oscillator strength calculations,The European Physical Journal B,,,,10.1140/epjb/e2011-20370-0,M. BabamoradiM. Heidari SaaniA. RanjbarM. A. VesaghiY. Kawazoe,2011,https://link.springer.com/article/10.1140/epjb/e2011-20370-0,Article
Pulsar natal kick via neutrino-triggered magnetorotational asymmetry,Astronomy Letters,,,,10.1134/S1063773712060047,A. V. KuznetsovN. V. Mikheev,2012,https://link.springer.com/article/10.1134/S1063773712060047,Article
Calorimetric effects during the α → γ transformation in Fe-Ni-Ti metastable alloys,The Physics of Metals and Metallography,,,,10.1134/S0031918X12050110,N. D. ZemtsovaM. A. EreminaV. A. Zavalishin,2012,https://link.springer.com/article/10.1134/S0031918X12050110,Article
The Structure of Cloud Data Centers,Guide to Reliable Distributed Systems,,,,10.1007/978-1-4471-2416-0_5,Kenneth P. Birman,2012,https://link.springer.com/chapter/10.1007/978-1-4471-2416-0_5,Chapter
The nature of hydrogen bonds and conjugation in H-bonded systems,Russian Journal of Physical Chemistry A,,,,10.1134/S0036024412090087,Yu. V. Novakovskaya,2012,https://link.springer.com/article/10.1134/S0036024412090087,Article
Near-infrared fluorescent amphiphilic polycation wrapped magnetite nanoparticles as multimodality probes,Chinese Science Bulletin,,,,10.1007/s11434-012-5073-7,Dan WangHongYing SuYanHong LiuChangQiang WuChunChao XiaJiaYu SunFaBao GaoQiYong GongBin SongHua Ai,2012,https://link.springer.com/article/10.1007/s11434-012-5073-7,Article
Correlation between diffraction and viscosity data for Bi–Ga molten alloys,Bulletin of Materials Science,,,,10.1007/s12034-011-0253-7,S MUDRYA YAKYMOVYCHI SHTABLAVYIV SIDOROVK SHUNYAEV,2012,https://link.springer.com/article/10.1007/s12034-011-0253-7,Article
Web Application Performance,Pro .NET Performance,,,,10.1007/978-1-4302-4459-2_11,Sasha GoldshteinDima ZurbalevIdo Flatow,2012,https://link.springer.com/chapter/10.1007/978-1-4302-4459-2_11,Chapter
Nitriding of steel and titanium surface layers under the action of compression plasma flows,"Journal of Surface Investigation. X-ray, Synchrotron and Neutron Techniques",,,,10.1134/S1027451012040088,N. N. CherendaV. I. ShimanskiiV. V. UglovV. M. AstashinskiiV. A. Ukhov,2012,https://link.springer.com/article/10.1134/S1027451012040088,Article
Interfragment transmission of electronic effects of π-acceptor ligands in heterometallic triad complexes with <i>trans</i>-[Ru(Py)<sub>4</sub>(CN)<sub>2</sub>] as a central unit,Russian Chemical Bulletin,,,,10.1007/s11172-012-0113-7,A. B. Nikol’skiiYu. S. VarshavskyT. G. CherkasovaI. S. PodkorytovV. A. Gindin,2012,https://link.springer.com/article/10.1007/s11172-012-0113-7,Article
Fermi and electromagnetic mass,General Relativity and Gravitation,,,,10.1007/s10714-012-1381-0,Robert T. JantzenRemo Ruffini,2012,https://link.springer.com/article/10.1007/s10714-012-1381-0,Article
Extending the life of bolt joints with radial clearance,Russian Engineering Research,,,,10.3103/S1068798X1201008X,V. V. DunaevA. A. Shirshov,2012,https://link.springer.com/article/10.3103/S1068798X1201008X,Article
Modification of Zeeman states in a magnetic field and the alignment-orientation transition in triplet exciton emission in gallium selenide,Physics of the Solid State,,,,10.1134/S1063783412020308,A. N. StarukhinD. K. NelsonB. S. Razbirin,2012,https://link.springer.com/article/10.1134/S1063783412020308,Article
Surface morphology and electrical properties of Au/Ni/〈C〉/<i>n</i>-Ga<sub>2</sub>O<sub>3</sub>/<i>p</i>-GaSe〈KNO<sub>3</sub>〉 hybrid structures fabricated on the basis of a layered semiconductor with nanoscale ferroelectric inclusions,Semiconductors,,,,10.1134/S1063782612030050,A. P. BakhtinovV. N. VodopyanovV. V. NetyagaZ. R. KudrynskyiO. S. Lytvyn,2012,https://link.springer.com/article/10.1134/S1063782612030050,Article
Features of polymorphous transformation in alloys in the two-phase area,Bulletin of the Russian Academy of Sciences: Physics,,,,10.3103/S1062873812010054,E. I. Estrin,2012,https://link.springer.com/article/10.3103/S1062873812010054,Article
The effect of coulomb correlations on the nonequilibrium charge redistribution tuned by the tunneling current,Journal of Experimental and Theoretical Physics,,,,10.1134/S1063776112060027,P. I. ArseevN. S. MaslovaV. N. Mantsevich,2012,https://link.springer.com/article/10.1134/S1063776112060027,Article
"Evolving Communication in Robotic Swarms Using On-Line, On-Board, Distributed Evolutionary Algorithms",Applications of Evolutionary Computation,,,,10.1007/978-3-642-29178-4_53,Luis E. PinedaA. E. EibenMarteen van Steen,2012,https://link.springer.com/chapter/10.1007/978-3-642-29178-4_53,Conference paper
Research on Heterogeneous Resource Sharing and Dynamic Allocation Strategy in Campus Grid,Frontiers in Computer Education,,,,10.1007/978-3-642-27552-4_111,Dejun Wang,2012,https://link.springer.com/chapter/10.1007/978-3-642-27552-4_111,Chapter
Web Engineering for Cloud Computing,Current Trends in Web Engineering,,,,10.1007/978-3-642-35623-0_2,Giovanni Toffetti,2012,https://link.springer.com/chapter/10.1007/978-3-642-35623-0_2,Conference paper
Purification of an industrial aluminum alloy by melt stirring during ohno continuous casting process,Russian Journal of Non-Ferrous Metals,,,,10.3103/S1067821211030072,Simbarashe FashuLi JianguoHu Qiao Dan,2011,https://link.springer.com/article/10.3103/S1067821211030072,Article
Interrogating National Identity in the Recent British Holiday Film,The Holiday and British Film,,,,10.1057/9780230349667_9,Matthew Kerry,2012,https://link.springer.com/chapter/10.1057/9780230349667_9,Chapter
Neutron and synchrotron radiation scattering by nonpolar magnetic fluids,Crystallography Reports,,,,10.1134/S1063774511050026,V. L. AksenovM. V. AvdeevA. V. ShuleninaY. V. ZubavichusA. A. VeligzhaninL. RostaV. M. GaramusL. Vekas,2011,https://link.springer.com/article/10.1134/S1063774511050026,Article
Mechanochemical reactions in Co<sub>80</sub>B<sub>20</sub> and Co<sub>60</sub>B<sub>40</sub> mixtures during ball milling and postannealing,Bulletin of the Russian Academy of Sciences: Physics,,,,10.3103/S1062873811080211,L. M. KubalovaI. A. SviridovV. I. Fadeeva,2011,https://link.springer.com/article/10.3103/S1062873811080211,Article
Obamania,"Performance, Politics, and the War on Terror",,,,10.1057/9780230367333_5,Sara Brady,2012,https://link.springer.com/chapter/10.1057/9780230367333_5,Chapter
1 Advances in the Study of Electrochemical and Corrosion Phenomena in High Subcritical and in Supercritical Aqueous Solutions,Progress in Corrosion Science and Engineering II,,,,10.1007/978-1-4419-5578-4_1,Digby D. Macdonald,2012,https://link.springer.com/chapter/10.1007/978-1-4419-5578-4_1,Chapter
High Energy Interactions and the Dynamic Quark Model,"Particles and Fundamental Interactions: Supplements, Problems and Solutions",,,,10.1007/978-94-007-4135-5_10,Sylvie BraibantGiorgio GiacomelliMaurizio Spurio,2012,https://link.springer.com/chapter/10.1007/978-94-007-4135-5_10,Chapter
Refusing History after Ursula K. Le Guin’s “Sur”,Antarctica as Cultural Critique,,,,10.1057/9781137014436_2,Elena Glasberg,2012,https://link.springer.com/chapter/10.1057/9781137014436_2,Chapter
Gleeble experiments concerning dendrite re-melting and its role in microstructural evolution in spray formed high-alloy metals,Rare Metals,,,,10.1007/s12598-011-0312-7,Yong ZhangNa LiuZhou LiGuoqing ZhangHua YuanWenyong XuZhengjiang GaoJiawei Mi,2011,https://link.springer.com/article/10.1007/s12598-011-0312-7,Article
Aqueous adhesives,Polymer Science Series D,,,,10.1134/S1995421211040149,V. A. Voitovich,2011,https://link.springer.com/article/10.1134/S1995421211040149,Article
Sea surface height oscillation with quasi-four-month period along the continental slope in the northern South China Sea,Chinese Journal of Oceanology and Limnology,,,,10.1007/s00343-012-1107-x,Chun Hoe ChowQinyu Liu,2012,https://link.springer.com/article/10.1007/s00343-012-1107-x,Article
The structure of gold nanoparticles and Au based thiol self-organized monolayers,Russian Journal of Inorganic Chemistry,,,,10.1134/S003602361114004X,V. G. YarzhemskyC. Battocchio,2011,https://link.springer.com/article/10.1134/S003602361114004X,Article
"The Effect of the Screen on the Mass, Momentum, and Energy Exchange Rates of a Uniform Crop Situated in an Extensive Screenhouse",Boundary-Layer Meteorology,,,,10.1007/s10546-011-9682-5,Mario B. SiqueiraGabriel G. KatulJosef Tanny,2011,https://link.springer.com/article/10.1007/s10546-011-9682-5,Article
Surface characteristics of V-Ga alloys after irradiation by Ar<sup>+</sup> and N<sup>+</sup> ions,"Journal of Surface Investigation. X-ray, Synchrotron and Neutron Techniques",,,,10.1134/S1027451011030086,L. S. DanelyanV. V. ZatekinS. N. KorshunovV. S. KulikauskasA. N. Mansurova,2011,https://link.springer.com/article/10.1134/S1027451011030086,Article
Surface compositions of 9XC and R6M5 tool steels after laser pulse irradiation according to X-ray photoelectron spectroscopy data,"Journal of Surface Investigation. X-ray, Synchrotron and Neutron Techniques",,,,10.1134/S1027451011050089,A. T. KozakovS. I. Yares’koV. I. KolesnikovA. V. Sidashov,2011,https://link.springer.com/article/10.1134/S1027451011050089,Article
X-ray determination of the volume fraction of the <i>B</i>19′ martensite in nickel-titanium alloys,Physics of the Solid State,,,,10.1134/S1063783411070067,A. N. DanilovA. I. Razov,2011,https://link.springer.com/article/10.1134/S1063783411070067,Article
Room-temperature instability of the structure of copper deformed at a cryogenic temperature,Russian Metallurgy (Metally),,,,10.1134/S0036029511070081,T. N. KonkovaS. Yu. MironovA. V. Korznikov,2011,https://link.springer.com/article/10.1134/S0036029511070081,Article
Wear-resistant high-temperature (up to 1080°C) 09X32H9M3C2 and 09X32H10M3C1ФЮ surfacing steels,Steel in Translation,,,,10.3103/S0967091211070072,I. B. Luzhanskii,2011,https://link.springer.com/article/10.3103/S0967091211070072,Article
Using integer clocks to verify clock-synchronization protocols,Innovations in Systems and Software Engineering,,,,10.1007/s11334-011-0152-5,Xiaowan HuangAnu SinghScott A. Smolka,2011,https://link.springer.com/article/10.1007/s11334-011-0152-5,Article
Simulation of photodisintegration of heavy nuclei,Moscow University Physics Bulletin,,,,10.3103/S002713491103009X,B. S. IshkhanovS. Yu. Troshchiev,2011,https://link.springer.com/article/10.3103/S002713491103009X,Article
"Spin-fluctuation mediated high-temperature ferromagnetism
in Si:Mn dilute magnetic semiconductors",The European Physical Journal B,,,,10.1140/epjb/e2010-00271-6,V. N. Men’shovV. V. TugushevS. Caprara,2010,https://link.springer.com/article/10.1140/epjb/e2010-00271-6,Article
Active memory controller,The Journal of Supercomputing,,,,10.1007/s11227-011-0735-9,Zhen FangLixin ZhangJohn B. CarterSally A. McKeeAli IbrahimMichael A. ParkerXiaowei Jiang,2012,https://link.springer.com/article/10.1007/s11227-011-0735-9,Article
Using auger electron spectroscopy for studying the composition of the surface of multicomponent alloys under the effect of pulsed laser irradiation,Inorganic Materials: Applied Research,,,,10.1134/S2075113311030130,A. T. KozakovS. I. Yares’ko,2011,https://link.springer.com/article/10.1134/S2075113311030130,Article
Application of green functions to finite Fermi systems with fixed numbers of particles and strong pairing,Bulletin of the Russian Academy of Sciences: Physics,,,,10.3103/S1062873811040423,A. K. VlasnikovA. V. LunevV. M. Mikhailov,2011,https://link.springer.com/article/10.3103/S1062873811040423,Article
"Electron impact dissociation of ND<sup>+</sup>: formation of D<sup>+</sup>
                  ",The European Physical Journal D,,,,10.1140/epjd/e2011-20221-2,J. LecointreD. S. BelicS. Cherkani-HassaniP. Defrance,2011,https://link.springer.com/article/10.1140/epjd/e2011-20221-2,Article
Distributed Caching via Memcached,Pro ASP.NET 4 CMS,,,,10.1007/978-1-4302-2713-7_6,Alan Harris,2010,https://link.springer.com/chapter/10.1007/978-1-4302-2713-7_6,Chapter
"Influence of cold rolling and annealing on the microstructure, mechanical properties, and electrical conductivity of an artificial microcomposite Cu-18% Nb alloy",Russian Metallurgy (Metally),,,,10.1134/S0036029510110133,A. V. KuznetsovN. D. StepanovG. A. SalishchevV. I. PantsyrnyiN. E. Khlebova,2010,https://link.springer.com/article/10.1134/S0036029510110133,Article
Design and synthesis of self-healing polymers,Science China Chemistry,,,,10.1007/s11426-012-4511-3,MingQiu ZhangMinZhi Rong,2012,https://link.springer.com/article/10.1007/s11426-012-4511-3,Article
Characterization of mesoscale instabilities in localized granular shear using digital image correlation,Acta Geotechnica,,,,10.1007/s11440-011-0147-2,Amy L. RechenmacherSara AbediOlivier ChupinAndrés D. Orlando,2011,https://link.springer.com/article/10.1007/s11440-011-0147-2,Article
Martensitic transformations in high-strength steels at aging,Russian Metallurgy (Metally),,,,10.1134/S0036029511040033,V. V. BerezovskayaO. A. Bannykh,2011,https://link.springer.com/article/10.1134/S0036029511040033,Article
American Religion,Reagan’s Mythical America,,,,10.1057/9781137273000_3,Jan Hanska,2012,https://link.springer.com/chapter/10.1057/9781137273000_3,Chapter
Monodisperse upconversion NaYF<sub>4</sub> nanocrystals: Syntheses and bioapplications,Nano Research,,,,10.1007/s12274-011-0124-y,Mingliang DengYingxin MaSheng HuangGaofei HuLeyu Wang,2011,https://link.springer.com/article/10.1007/s12274-011-0124-y,Article
Simulation of thermal ionization in a dense helium plasma by the Feynman path integral method,Journal of Experimental and Theoretical Physics,,,,10.1134/S106377611104011X,S. V. Shevkunov,2011,https://link.springer.com/article/10.1134/S106377611104011X,Article
SCI (Scalable Coherent Interface),Encyclopedia of Parallel Computing,,,,10.1007/978-0-387-09766-4_20,Hermann Hellwagner,2011,https://link.springer.com/rwe/10.1007/978-0-387-09766-4_20,Reference work entry
"Temperature-dependent excitonic absorption in long-period multiple In<sub>
                <i>x</i>
              </sub>Ga<sub>1 − <i>x</i>
                     </sub>As/GaAs quantum well structures",Semiconductors,,,,10.1134/S1063782611010222,S. A. VaganovR. P. Seisyan,2011,https://link.springer.com/article/10.1134/S1063782611010222,Article
Effect of corrosion medium on the nonuniformity of plastic microstrains in the microstructure of D16 aluminum alloy,Metal Science and Heat Treatment,,,,10.1007/s11041-010-9225-6,V. A. ShakleinaV. M. Zamyatin,2010,https://link.springer.com/article/10.1007/s11041-010-9225-6,Article
Magnetism of LiMn<sub>2</sub>O<sub>4</sub> manganite in structurally ordered and disordered states,Physics of the Solid State,,,,10.1134/S1063783410120164,Yu. G. ChukalkinA. E. TeplykhA. N. PirogovD. G. Kellerman,2010,https://link.springer.com/article/10.1134/S1063783410120164,Article
Shakespeare and Media Allegory,Shakespeare and Genre,,,,10.1057/9781137010353_13,Peter S. Donaldson,2011,https://link.springer.com/chapter/10.1057/9781137010353_13,Chapter
Norway: The Land of the Golden Mean,Immigration Policy and the Scandinavian Welfare State 1945–2010,,,,10.1057/9781137015167_4,Grete BrochmannAnniken Hagelund,2012,https://link.springer.com/chapter/10.1057/9781137015167_4,Chapter
Value-Sensitive Design for Cross-Enterprise Regulation,Business Process Management Workshops,,,,10.1007/978-3-642-20511-8_54,Sietse OverbeekVirginia DignumYao-Hua Tan,2011,https://link.springer.com/chapter/10.1007/978-3-642-20511-8_54,Conference paper
Urzeugung,Historisches Wörterbuch der Biologie,,,,10.1007/978-3-476-00461-1_30,Georg Toepfer,2011,https://link.springer.com/chapter/10.1007/978-3-476-00461-1_30,Chapter
Intel® Thread Profiler,Encyclopedia of Parallel Computing,,,,10.1007/978-0-387-09766-4_113,Mark DewingDouglas Armstrong,2011,https://link.springer.com/rwe/10.1007/978-0-387-09766-4_113,Reference work entry
Interaction of refractory compound nanoparticles with a surfactant in a nickel melt: I. Heterophase interaction,Russian Metallurgy (Metally),,,,10.1134/S0036029510110042,S. N. AnuchkinV. T. BurtsevA. V. Samokhin,2010,https://link.springer.com/article/10.1134/S0036029510110042,Article
Effect of pressure on the copper redistribution in a solid solution and on the parameters of the dendritic structure of Al-4% Cu single crystals upon crystallization in a gravitational field,The Physics of Metals and Metallography,,,,10.1134/S0031918X10100030,V. O. EsinA. S. KrivonosovaI. Zh. SattybaevT. G. FedorovaL. V. Elokhina,2010,https://link.springer.com/article/10.1134/S0031918X10100030,Article
Investigation of the structure and magnetic and mechanical properties of textured substrates of an Ni-Cr-W alloy,The Physics of Metals and Metallography,,,,10.1134/S0031918X10060104,D. P. RodionovG. A. DosovitskiiA. R. Kaul’I. V. Gervas’evaYu. N. AkshentsevV. A. KazantsevYu. V. KhlebnikovaV. A. SazonovaN. I. VinogradovaS. V. SamoilenkovS. N. MudretsovaA. V. Garshev,2010,https://link.springer.com/article/10.1134/S0031918X10060104,Article
Efficient methods for formally verifying safety properties of hierarchical cache coherence protocols,Formal Methods in System Design,,,,10.1007/s10703-010-0092-y,Xiaofang ChenYu YangGanesh GopalakrishnanChing-Tsun Chou,2010,https://link.springer.com/article/10.1007/s10703-010-0092-y,Article
"Relaxation of crystal lattice parameters and structural ordering in In<sub>
                <i>x</i>
              </sub>Ga<sub>1 − <i>x</i>
                     </sub>As epitaxial alloys",Semiconductors,,,,10.1134/S1063782610080270,P. V. SeredinA. V. GlotovE. P. DomashevskayaI. N. ArsentyevD. A. VinokurovA. L. StankevichI. S. Tarasov,2010,https://link.springer.com/article/10.1134/S1063782610080270,Article
Phase diagram and deformed phase separation for a trapped Fermi gas with population imbalance and BCS pairing interaction,The European Physical Journal B,,,,10.1140/epjb/e2010-10515-0,Z.-J. YingM. CuocoC. NoceH.-Q. Zhou,2010,https://link.springer.com/article/10.1140/epjb/e2010-10515-0,Article
Correlation between the catalytic activity of polyoxometallates and the special features of their tunnel and optical spectra,Russian Journal of Physical Chemistry B,,,,10.1134/S1990793110060047,F. I. DalidchikE. M. BalashovB. A. BudanovA. K. GatinM. V. GrishinA. A. KirsankinS. A. KovalevskiiN. N. KolchenkoV. G. SlutskiiB. R. Shub,2010,https://link.springer.com/article/10.1134/S1990793110060047,Article
Vertic processes and specificity of organic matter properties and distribution in Vertisols,Eurasian Soil Science,,,,10.1134/S1064229310130065,I. KovdaE. MorgunT. W. Boutton,2010,https://link.springer.com/article/10.1134/S1064229310130065,Article
Computing Services for LHC: From Clusters to Grids,From the Web to the Grid and Beyond,,,,10.1007/978-3-642-23157-5_3,Les Robertson,2011,https://link.springer.com/chapter/10.1007/978-3-642-23157-5_3,Chapter
"Highly Correlated State of <i>π</i> Electrons, Self-organization at&#xa0;Doping, and Superconductivity in Doped Picene",Journal of Superconductivity and Novel Magnetism,,,,10.1007/s10948-010-0845-2,M. V. Krasinkova,2010,https://link.springer.com/article/10.1007/s10948-010-0845-2,Article
Key Exchange in IPsec Revisited: Formal Analysis of IKEv1 and IKEv2,Computer Security – ESORICS 2011,,,,10.1007/978-3-642-23822-2_18,Cas Cremers,2011,https://link.springer.com/chapter/10.1007/978-3-642-23822-2_18,Conference paper
Digital Contestation,"Body Piercing and Identity Construction: A Comparative Perspective—New York, New Orleans, Wrocław",,,,10.1057/9780230117129_6,Lisiunia A. Romanienko,2011,https://link.springer.com/chapter/10.1057/9780230117129_6,Chapter
Covert Movement in Logical Grammar,Logic and Grammar,,,,10.1007/978-3-642-21490-5_2,Carl Pollard,2011,https://link.springer.com/chapter/10.1007/978-3-642-21490-5_2,Chapter
Influence of the temperature and rate of generation of point defects on the processes of deformation-induced segregation in the Fe-Cr-Ni alloy,The Physics of Metals and Metallography,,,,10.1134/S0031918X10040113,S. A. StarikovA. R. KuznetsovV. V. SagaradzeV. A. PechenkinI. A. Stepanov,2010,https://link.springer.com/article/10.1134/S0031918X10040113,Article
Transport of Carbon Dioxide and Radioactive Waste,Geological Disposal of Carbon Dioxide and Radioactive Waste: A Comparative Assessment,,,,10.1007/978-90-481-8712-6_6,Darío R. GómezMichael Tyacke,2011,https://link.springer.com/chapter/10.1007/978-90-481-8712-6_6,Chapter
Electromagnetic properties of the graphene junctions,The European Physical Journal B,,,,10.1140/epjb/e2011-10675-3,S. E. Shafranjuk,2011,https://link.springer.com/article/10.1140/epjb/e2011-10675-3,Article
MILC,Encyclopedia of Parallel Computing,,,,10.1007/978-0-387-09766-4_109,Steven Gottlieb,2011,https://link.springer.com/rwe/10.1007/978-0-387-09766-4_109,Reference work entry
An economic and efficient method for further purification of crude DNA extracted from forest soils,Journal of Forestry Research,,,,10.1007/s11676-010-0040-0,Guo-min HanFu-qiang SongZhi-jun ZhangWu NiSha-e HeXing-jun Tian,2010,https://link.springer.com/article/10.1007/s11676-010-0040-0,Article
The Mondragon Cooperative Group: Local Development with a Global Vision,Capital and the Debt Trap,,,,10.1057/9780230308527_9,Claudia Sanchez BajoBruno Roelants,2011,https://link.springer.com/chapter/10.1057/9780230308527_9,Chapter
"Gravity, Gradiometry",Encyclopedia of Solid Earth Geophysics,,,,10.1007/978-90-481-8702-7_80,Christopher Jekeli,2011,https://link.springer.com/rwe/10.1007/978-90-481-8702-7_80,Reference work entry
Circuit modeling of quantum dot semiconductor optical amplifier,Frontiers of Optoelectronics in China,,,,10.1007/s12200-010-0101-1,Yi YuLirong HuangMeng XiongDexiu Huang,2010,https://link.springer.com/article/10.1007/s12200-010-0101-1,Article
Storing the Semantic Web: Repositories,Handbook of Semantic Web Technologies,,,,10.1007/978-3-540-92913-0_7,Atanas KiryakovMariana Damova,2011,https://link.springer.com/rwe/10.1007/978-3-540-92913-0_7,Reference work entry
"Radiation-induced dissolution of Ni<sub>3</sub>
                     <i>M</i> intermetallic particles (<i>M</i> = Ti, Al, Zr) in displacement cascades in Fe-Ni-<i>M</i> alloys irradiated by neutrons at 340 K",The Physics of Metals and Metallography,,,,10.1134/S0031918X1005008X,V. V. SagaradzeV. A. ShabashovA. V. LitvinovV. M. KoloskovV. D. Parkhomenko,2010,https://link.springer.com/article/10.1134/S0031918X1005008X,Article
The Concept of ‘Work’ in CSCW,Computer Supported Cooperative Work (CSCW),,,,10.1007/s10606-011-9146-y,Kjeld Schmidt,2011,https://link.springer.com/article/10.1007/s10606-011-9146-y,Article
On the kinetics of phase and structural transformations upon mechanical alloying,The Physics of Metals and Metallography,,,,10.1134/S0031918X10050108,V. V. CherdyntsevS. D. Kaloshkin,2010,https://link.springer.com/article/10.1134/S0031918X10050108,Article
Interphase microstress measurements in IN 718 by cold neutron diffraction,Applied Physics A,,,,10.1007/s00339-010-5607-2,J. RepperP. LinkM. HofmannC. KrempaszkyW. PetryE. Werner,2010,https://link.springer.com/article/10.1007/s00339-010-5607-2,Article
Effect of the Pauli exclusion principle on the potential of nucleus-nucleus interaction,Physics of Atomic Nuclei,,,,10.1134/S1063778810070070,V. Yu. DenisovV. A. Nesterov,2010,https://link.springer.com/article/10.1134/S1063778810070070,Article
Visual Studio 2010 and .NET 4,Pro ASP.NET 4 CMS,,,,10.1007/978-1-4302-2713-7_1,Alan Harris,2010,https://link.springer.com/chapter/10.1007/978-1-4302-2713-7_1,Chapter
"Performance Tuning, Configuration, and Debugging",Pro ASP.NET 4 CMS,,,,10.1007/978-1-4302-2713-7_8,Alan Harris,2010,https://link.springer.com/chapter/10.1007/978-1-4302-2713-7_8,Chapter
"Satellite Altimetry for Geodetic, Oceanographic, and Climate Studies in the Australian Region",Coastal Altimetry,,,,10.1007/978-3-642-12796-0_18,X. DengD. A. GriffinK. RidgwayJ. A. ChurchW. E. FeatherstoneN. J. WhiteM. Cahill,2011,https://link.springer.com/chapter/10.1007/978-3-642-12796-0_18,Chapter
Simulating the mechanical response of amorphous solids using atomistic methods,The European Physical Journal B,,,,10.1140/epjb/e2010-00157-7,M. L. FalkC. E. Maloney,2010,https://link.springer.com/article/10.1140/epjb/e2010-00157-7,Article
A general science-based framework for dynamical spatio-temporal models,TEST,,,,10.1007/s11749-010-0209-z,Christopher K. WikleMevin B. Hooten,2010,https://link.springer.com/article/10.1007/s11749-010-0209-z,Article
A formal nethod (a networked formal method),Innovations in Systems and Software Engineering,,,,10.1007/s11334-009-0121-4,Peter T. BreuerSimon Pickin,2010,https://link.springer.com/article/10.1007/s11334-009-0121-4,Article
A Science Driven Production Cyberinfrastructure—the Open Science Grid,Journal of Grid Computing,,,,10.1007/s10723-010-9176-6,Mine AltunayPaul AveryKent BlackburnBrian BockelmanMichael ErnstDan FraserRobert QuickRobert GardnerSebastien GoasguenTanya LevshinaMiron LivnyJohn McGeeDoug OlsonRuth PordesMaxim PotekhinAbhishek RanaAlain RoyChander SehgalIgor SfiligoiFrank Wuerthwein,2010,https://link.springer.com/article/10.1007/s10723-010-9176-6,Article
Age Strengthening of Cast Irons: Review of Research and Literature,International Journal of Metalcasting,,,,10.1007/BF03355465,J. TeagueV. Richards,2010,https://link.springer.com/article/10.1007/BF03355465,Article
Catalogue of Minor Planet Names and Discovery Circumstances,Dictionary of Minor Planet Names,,,,10.1007/978-3-642-29718-2_2,Dr. Lutz D. Schmadel,2012,https://link.springer.com/chapter/10.1007/978-3-642-29718-2_2,Chapter
Spreading resistance and compensation of charge carriers in ferromagnetic silicon implanted with manganese,Semiconductors,,,,10.1134/S1063782610010033,A. F. OrlovL. A. BalagurovI. V. KulemanovYu. N. ParkhomenkoA. V. KartavykhV. V. SaraikinYu. A. AgafonovV. I. Zinenko,2010,https://link.springer.com/article/10.1134/S1063782610010033,Article
Practical considerations on the GreenView application development and execution over SEE-GRID,Earth Science Informatics,,,,10.1007/s12145-010-0066-z,Danut MihonVictor BacuDorian GorganRóbert MészárosGyõrgyi Gelybó,2010,https://link.springer.com/article/10.1007/s12145-010-0066-z,Article
Analysis of the domain structure of submicrocrystalline ferromagnets by the method of Lorentz electron microscopy,The Physics of Metals and Metallography,,,,10.1134/S0031918X10010023,G. F. KorznikovaA. I. DeryaginA. V. Korznikov,2010,https://link.springer.com/article/10.1134/S0031918X10010023,Article
A multiparametric sensor for cationic analysis,Russian Journal of Physical Chemistry A,,,,10.1134/S0036024410120149,E. V. LukovskayaA. A. BobylevaA. A. MizerevO. A. FedorovaYu. V. FedorovA. A. MoiseevaA. V. Anisimov,2010,https://link.springer.com/article/10.1134/S0036024410120149,Article
Some considerations about fatigue failure in milled butt-welded joints affected by residual stress,Journal of Mechanical Science and Technology,,,,10.1007/s12206-009-1280-9,M. De GiorgiV. DattomaR. Nobile,2010,https://link.springer.com/article/10.1007/s12206-009-1280-9,Article
"Specific features of self-organizing of structure in Ni-Cr, Fe-Ni-Cr base austenite alloys after high energy treatment",Bulletin of the Russian Academy of Sciences: Physics,,,,10.3103/S1062873809110306,D. L. Alontseva,2009,https://link.springer.com/article/10.3103/S1062873809110306,Article
Developing a Philippine Cancer Grid. Part 1: Building a Prototype for a Data Retrieval System for Breast Cancer Research Using Medical Ontologies,Managed Grids and Cloud Systems in the Asia-Pacific Research Community,,,,10.1007/978-1-4419-6469-4_9,Andrei D. CoronelRafael P. Saldana,2010,https://link.springer.com/chapter/10.1007/978-1-4419-6469-4_9,Conference paper
From Static Domains to Graph Decomposition for Heterogeneous Cluster Programming,High Performance Computing on Vector Systems 2009,,,,10.1007/978-3-642-03913-3_11,C. B. NavarreteE. Anguiano,2010,https://link.springer.com/chapter/10.1007/978-3-642-03913-3_11,Conference paper
Effect of the periphery of metal-semiconductor contacts with Schottky barriers on their static current-voltage characteristic,Semiconductors,,,,10.1134/S1063782610050088,N. A. Torkhov,2010,https://link.springer.com/article/10.1134/S1063782610050088,Article
Structural aspect of the manifestation of thermal brittleness in a maraging steel of the EI-832 type,The Physics of Metals and Metallography,,,,10.1134/S0031918X10020109,V. M. SchastlivtsevI. L. YakovlevaN. A. TereshchenkoA. A. Kruglov,2010,https://link.springer.com/article/10.1134/S0031918X10020109,Article
5f-Electron Phenomena in the Metallic State,The Chemistry of the Actinide and Transactinide Elements,,,,10.1007/978-94-007-0211-0_21,A. J. ArkoJohn J. JoyceLadia Havela,2010,https://link.springer.com/chapter/10.1007/978-94-007-0211-0_21,Chapter
Risk-Based Cost Assessment of Maritime and Port Security,Security and Environmental Sustainability of Multimodal Transport,,,,10.1007/978-90-481-8563-4_11,Khalid Bichou,2010,https://link.springer.com/chapter/10.1007/978-90-481-8563-4_11,Conference paper
Development of approaches for selecting the optimum alloying systems and production parameters for manufacturing hot-rolled high-strength low-alloy steels for automobile building,Metallurgist,,,,10.1007/s11015-009-9186-4,N. A. RybkinI. G. RodionovaN. G. ShaposhnikovV. V. KuznetsovP. A. Mishnev,2009,https://link.springer.com/article/10.1007/s11015-009-9186-4,Article
Workload characterization in a high-energy data grid and&#xa0;impact&#xa0;on&#xa0;resource management,Cluster Computing,,,,10.1007/s10586-009-0081-3,Adriana IamnitchiShyamala DoraimaniGabriele Garzoglio,2009,https://link.springer.com/article/10.1007/s10586-009-0081-3,Article
Considerations for Progressive Damage in Fiber-Reinforced Composite Materials Subject to Fatigue,High Performance Computing Systems and Applications,,,,10.1007/978-3-642-12659-8_12,John MontesanoKamran BehdinanZouheir FawazCheung Poon,2010,https://link.springer.com/chapter/10.1007/978-3-642-12659-8_12,Conference paper
Cooperation evolution in random multiplicative environments,The European Physical Journal B,,,,10.1140/epjb/e2010-00027-4,G. YaariS. Solomon,2010,https://link.springer.com/article/10.1140/epjb/e2010-00027-4,Article
The Liberal Democrats and the Role of the State,British Party Politics and Ideology after New Labour,,,,10.1057/9780230248557_21,Duncan Brack,2010,https://link.springer.com/chapter/10.1057/9780230248557_21,Chapter
"Magnetic properties of single crystals of ludwigites Cu<sub>2</sub>
                     <i>M</i>BO<sub>5</sub> (<i>M</i> = Fe<sup>3+</sup>, Ga<sup>3+</sup>)",Physics of the Solid State,,,,10.1134/S106378340910014X,G. A. PetrakovskiĭL. N. BezmaternykhD. A. VelikanovA. M. VorotynovO. A. BayukovM. Schneider,2009,https://link.springer.com/article/10.1134/S106378340910014X,Article
Melting of γ-TiAl in the alumina crucible,Russian Journal of Non-Ferrous Metals,,,,10.3103/S1067821209040105,D. EatesamiM. M. HadaviA. Habibollahzade,2009,https://link.springer.com/article/10.3103/S1067821209040105,Article
The Liberal Tradition,A Short History of the Liberal Party,,,,10.1057/9781137056078_1,Chris Cook,2010,https://link.springer.com/chapter/10.1057/9781137056078_1,Chapter
Fitting the integrated spectral energy distributions of galaxies,Astrophysics and Space Science,,,,10.1007/s10509-010-0458-z,Jakob WalcherBrent GrovesTamás BudaváriDaniel Dale,2010,https://link.springer.com/article/10.1007/s10509-010-0458-z,Article
WPF 4.0 and Silverlight 3.0,Introducing .NET 4.0,,,,10.1007/978-1-4302-2456-3_15,Alex Mackey,2010,https://link.springer.com/chapter/10.1007/978-1-4302-2456-3_15,Chapter
Effect of pressure and gravitational field on the dendritic structure and distribution of solutes in Al-4% Cu single crystals,The Physics of Metals and Metallography,,,,10.1134/S0031918X09060088,V. O. EsinA. S. KrivonosovaI. Zh. SattybaevT. G. FedorovaV. A. Sazonova,2009,https://link.springer.com/article/10.1134/S0031918X09060088,Article
Contact interactions and optimization of locally loaded shell structures,Journal of Mathematical Sciences,,,,10.1007/s10958-009-9634-5,V. S. HudramovychA. P. Dzyuba,2009,https://link.springer.com/article/10.1007/s10958-009-9634-5,Article
Verifying workflow processes: a transformation-based approach,Software & Systems Modeling,,,,10.1007/s10270-010-0149-9,Haiping ZhaWil M. P. van der AalstJianmin WangLijie WenJiaguang Sun,2010,https://link.springer.com/article/10.1007/s10270-010-0149-9,Article
Culture and Law on the Durand Line,Cultural Change and Persistence,,,,10.1057/9780230117334_11,Charles H. Norchi,2010,https://link.springer.com/chapter/10.1057/9780230117334_11,Chapter
S,"The Palgrave Macmillan Dictionary of Finance, Investment and Banking",,,,10.1057/9780230251212_20,Erik Banks,2010,https://link.springer.com/chapter/10.1057/9780230251212_20,Chapter
Specific features of recombination processes in CdTe films produced in different temperature conditions of growth and subsequent annealing,Semiconductors,,,,10.1134/S106378260908003X,I. B. ErmolovichV. V. MileninR. A. Red’koS. M. Red’ko,2009,https://link.springer.com/article/10.1134/S106378260908003X,Article
Content-Based Publish/Subscribe Systems,Handbook of Peer-to-Peer Networking,,,,10.1007/978-0-387-09751-0_49,Haiying Shen,2010,https://link.springer.com/chapter/10.1007/978-0-387-09751-0_49,Chapter
Data Capture,Springer Handbook of Geographic Information,,,,10.1007/978-3-540-72680-7_9,Michael CramerWolfgang KresseJan SkaloudNorbert HaalaSilvia NittelJan O. Wallgrün,2011,https://link.springer.com/chapter/10.1007/978-3-540-72680-7_9,Chapter
Formation of metastable solid solutions of boron in nickel under mechanochemical synthesis from Ni-B and Ni-Nb-B mixtures,Inorganic Materials,,,,10.1134/S0020168509040074,V. I. FadeevaI. A. SviridovL. M. Kubalova,2009,https://link.springer.com/article/10.1134/S0020168509040074,Article
The ATLAS Simulation Infrastructure,The European Physical Journal C,,,,10.1140/epjc/s10052-010-1429-9,G. AadB. AbbottJ. AbdallahA. A. AbdelalimA. AbdesselamO. AbdinovB. AbiM. AbolinsH. AbramowiczH. AbreuB. S. AcharyaD. L. AdamsT. N. AddyJ. AdelmanC. AdorisioP. AdragnaT. AdyeS. AefskyJ. A. Aguilar-SaavedraM. AharroucheS. P. AhlenF. AhlesA. AhmadH. AhmedM. AhsanG. AielliT. AkdoganT. P. A. ÅkessonG. AkimotoA. V. AkimovA. AktasM. S. AlamM. A. AlamS. AlbrandM. AleksaI. N. AleksandrovC. AlexaG. AlexanderG. AlexandreT. AlexopoulosM. AlhroobM. AlievG. AlimontiJ. AlisonM. AliyevP. P. AllportS. E. Allwood-SpiersJ. AlmondA. AloisioR. AlonA. AlonsoM. G. AlviggiK. AmakoC. AmelungA. AmorimG. AmorósN. AmramC. AnastopoulosT. AndeenC. F. AndersK. J. AndersonA. AndreazzaV. AndreiX. S. AnduagaA. AngeramiF. AnghinolfiN. AnjosA. AnnoviA. AntonakiM. AntonelliS. AntonelliJ. AntosB. AntunovicF. AnulliS. AounG. ArabidzeI. AracenaY. AraiA. T. H. ArceJ. P. ArchambaultS. ArfaouiJ.-F. ArguinT. ArgyropoulosM. ArikA. J. ArmbrusterO. ArnaezC. ArnaultA. ArtamonovD. ArutinovM. AsaiS. AsaiR. AsfandiyarovS. AskB. ÅsmanD. AsnerL. AsquithK. AssamaganA. AstburyA. AstvatsatourovG. AtoianB. AuerbachK. AugstenM. AurousseauN. AustinG. AvolioR. AvramidouD. AxenC. AyG. AzuelosY. AzumaM. A. BaakA. M. BachH. BachacouK. BachasM. BackesE. BadescuP. BagnaiaY. BaiT. BainJ. T. BainesO. K. BakerM. D. BakerS. BakerF. Baltasar Dos Santos PedrosaE. BanasP. BanerjeeS. BanerjeeD. BanfiA. BangertV. BansalS. P. BaranovS. BaranovA. BarashkouT. BarberE. L. BarberioD. BarberisM. BarberoD. Y. BardinT. BarillariM. BarisonziT. BarklowN. BarlowB. M. BarnettR. M. BarnettA. BaroncelliA. J. BarrF. BarreiroJ. Barreiro Guimarães da CostaP. BarrillonR. BartoldusD. BartschR. L. BatesL. BatkovaJ. R. BatleyA. BattagliaM. BattistinF. BauerH. S. BawaM. BazalovaB. BeareT. BeauP. H. BeaucheminR. BeccherleN. BecericiP. BechtleG. A. BeckH. P. BeckM. BeckinghamK. H. BecksA. J. BeddallA. BeddallV. A. BednyakovC. BeeM. BegelS. Behar HarpazP. K. BeheraM. BeimfordeC. Belanger-ChampagneP. J. BellW. H. BellG. BellaL. BellagambaF. BellinaM. BellomoA. BelloniK. BelotskiyO. BeltramelloS. Ben AmiO. BenaryD. BenchekrounM. BendelB. H. BenedictN. BenekosY. BenhammouG. P. BenincasaD. P. BenjaminM. BenoitJ. R. BensingerK. BenslamaS. BentvelsenM. BerettaD. BergeE. Bergeaas KuutmannN. BergerF. BerghausE. BerglundJ. BeringerP. BernatR. BernhardC. BerniusT. BerryA. BertinM. I. BesanaN. BessonS. BethkeR. M. BianchiM. BiancoO. BiebelJ. BiesiadaM. BigliettiH. BilokonM. BindiS. BinetA. BingulC. BiniC. BiscaratU. BitencK. M. BlackR. E. BlairJ.-B. BlanchardG. BlanchotC. BlockerA. BlondelW. BlumU. BlumenscheinG. J. BobbinkA. BocciM. BoehlerJ. BoekN. BoelaertS. BöserJ. A. BogaertsA. BogouchC. BohmJ. BohmV. BoisvertT. BoldV. BoldeaV. G. BondarenkoM. BondioliM. BoonekampS. BordoniC. BorerA. BorisovG. BorissovI. BorjanovicS. BorroniK. BosD. BoscheriniM. BosmanH. BoterenbroodJ. BouchamiJ. BoudreauE. V. Bouhova-ThackerC. BoulahouacheC. BourdariosA. BoveiaJ. BoydI. R. BoykoI. Bozovic-JelisavcicJ. BracinikA. BraemP. BranchiniG. W. BrandenburgA. BrandtG. BrandtO. BrandtU. BratzlerB. BrauJ. E. BrauH. M. BraunB. BrelierJ. BremerR. BrennerS. BresslerD. BrittonF. M. BrochuI. BrockR. BrockE. BrodetC. BrombergG. BrooijmansW. K. BrooksG. BrownP. A. Bruckman de RenstromD. BrunckoR. BruneliereS. BrunetA. BruniG. BruniM. BruschiF. BucciJ. BuchananP. BuchholzA. G. BuckleyI. A. BudagovB. BudickV. BüscherL. BuggeO. BulekovM. BunseT. BuranH. BurckhartS. BurdinT. BurgessS. BurkeE. BusatoP. BusseyC. P. BuszelloF. ButinB. ButlerJ. M. ButlerC. M. ButtarJ. M. ButterworthT. ByattJ. CaballeroS. Cabrera UrbánD. CaforioO. CakirP. CalafiuraG. CalderiniP. CalfayanR. CalkinsL. P. CalobaD. CalvetP. CamarriD. CameronS. CampanaM. CampanelliV. CanaleF. CanelliA. CanepaJ. CanteroL. CapassoM. D. M. Capeans GarridoI. CapriniM. CapriniM. CapuaR. CaputoC. CaramarcuR. CardarelliT. CarliG. CarlinoL. CarminatiB. CaronS. CaronG. D. Carrillo MontoyaS. Carron MonteroA. A. CarterJ. R. CarterJ. CarvalhoD. CasadeiM. P. CasadoM. CascellaA. M. Castaneda HernandezE. Castaneda-MirandaV. Castillo GimenezN. F. CastroG. CataldiA. CatinaccioJ. R. CatmoreA. CattaiG. CattaniS. CaughronD. CauzP. CavalleriD. CavalliM. Cavalli-SforzaV. CavasinniF. CeradiniA. S. CerqueiraA. CerriL. CerritoF. CeruttiS. A. CetinA. ChafaqD. ChakrabortyK. ChanJ. D. ChapmanJ. W. ChapmanE. ChareyreD. G. CharltonV. ChavdaS. CheathamS. ChekanovS. V. ChekulaevG. A. ChelkovH. ChenS. ChenX. ChenA. CheplakovV. F. ChepurnovR. Cherkaoui El MoursliV. TcherniatineD. ChesneanuE. CheuS. L. CheungL. ChevalierF. ChevallierV. ChiarellaG. ChiefariL. ChikovaniJ. T. ChildersA. ChilingarovG. ChiodiniV. ChizhovG. ChoudalakisS. ChouridouI. A. ChristidiA. ChristovD. Chromek-BurckhartM. L. ChuJ. ChudobaG. CiapettiA. K. CiftciR. CiftciD. CincaV. CindroM. D. CiobotaruC. CioccaA. CiocioM. CirilliM. CitterioA. ClarkP. J. ClarkW. ClelandJ. C. ClemensB. ClementC. ClementY. CoadouM. CobalA. CoccaroJ. CochranJ. CoggeshallE. CognerasA. P. ColijnC. CollardN. J. CollinsC. Collins-ToothJ. CollotG. ColonP. Conde MuiñoE. ConiavitisM. ConsonniS. ConstantinescuC. ContaF. ConventiM. CookeB. D. CooperA. M. Cooper-SarkarN. J. Cooper-SmithK. CopicT. CornelissenM. CorradiF. CorriveauA. Corso-RaduA. Cortes-GonzalezG. CortianaG. CostaM. J. CostaD. CostanzoT. CostinD. CôtéR. Coura TorresL. CourneyeaG. CowanC. CowdenB. E. CoxK. CranmerJ. CranshawM. CristinzianiG. CrosettiR. CrupiS. Crépé-RenaudinC. Cuenca AlmenarT. Cuhadar DonszelmannM. CuratoloC. J. CurtisP. CwetanskiZ. CzyczulaS. D’AuriaM. D’OnofrioA. D’OrazioC. Da ViaW. DabrowskiT. DaiC. DallapiccolaS. J. DallisonC. H. DalyM. DamH. O. DanielssonD. DannheimV. DaoG. DarboG. L. DarleaW. DaveyT. DavidekN. DavidsonR. DavidsonM. DaviesA. R. DavisonI. DawsonR. K. DayaK. DeR. de AsmundisS. De CastroP. E. De Castro Faria SalgadoS. De CeccoJ. de GraatN. De GrootP. de JongL. De MoraM. De Oliveira BrancoD. De PedisA. De SalvoU. De SanctisA. De SantoJ. B. De Vivie De RegieG. De ZorziS. DeanD. V. DedovichJ. DegenhardtM. DehcharC. Del PapaJ. Del PesoT. Del PreteA. Dell’AcquaL. Dell’AstaM. Della PietraD. della VolpeM. DelmastroP. A. DelsartC. DelucaS. DemersM. DemichevB. DemirkozJ. DengW. DengS. P. DenisovJ. E. DerkaouiF. DerueP. DervanK. DeschP. O. DeviveirosA. DewhurstB. DeWildeS. DhaliwalR. DhullipudiA. Di CiaccioL. Di CiaccioA. Di DomenicoA. Di GirolamoB. Di GirolamoS. Di LuiseA. Di MattiaR. Di NardoA. Di SimoneR. Di SipioM. A. DiazF. DiblenE. B. DiehlJ. DietrichT. A. DietzschS. DiglioK. Dindar YagciJ. DingfelderC. DionisiP. DitaS. DitaF. DittusF. DjamaR. DjilkibaevT. DjobavaM. A. B. do ValeA. Do Valle WemansT. K. O. DoanD. DobosE. DobsonM. DobsonC. DoglioniT. DohertyJ. DolejsiI. DolencZ. DolezalB. A. DolgosheinT. DohmaeM. DonegaJ. DoniniJ. DopkeA. DoriaA. Dos AnjosA. DottiM. T. DovaA. DoxiadisA. T. DoyleZ. DrasalM. DrisJ. DubbertE. DuchovniG. DuckeckA. DudarevF. DudziakM. DührssenL. DuflotM.-A. DufourM. DunfordH. Duran YildizA. DushkinR. DuxfieldM. DwuznikM. DürenW. L. EbensteinJ. EbkeS. EckweilerK. EdmondsC. A. EdwardsK. EgorovW. EhrenfeldT. EhrichT. EifertG. EigenK. EinsweilerE. EisenhandlerT. EkelofM. El KacimiM. EllertS. EllesF. EllinghausK. EllisN. EllisJ. ElmsheuserM. ElsingD. EmeliyanovR. EngelmannA. EnglB. EppA. EppigJ. ErdmannA. EreditatoD. ErikssonI. ErmolineJ. ErnstM. ErnstJ. ErnweinD. ErredeS. ErredeE. ErtelM. EscalierC. EscobarX. Espinal CurullB. EspositoA. I. EtienvreE. EtzionH. EvansL. FabbriC. FabreK. FaciusR. M. FakhrutdinovS. FalcianoY. FangM. FantiA. FarbinA. FarillaJ. FarleyT. FarooqueS. M. FarringtonP. FarthouatP. FassnachtD. FassouliotisB. FatholahzadehL. FayardF. FayetteR. FebbraroP. FedericO. L. FedinW. FedorkoL. FeligioniC. U. FelzmannC. FengE. J. FengA. B. FenyukJ. FerenceiJ. FerlandB. FernandesW. FernandoS. FerragJ. FerrandoV. FerraraA. FerrariP. FerrariR. FerrariA. FerrerM. L. FerrerD. FerrereC. FerrettiM. FiascarisF. FiedlerA. FilipčičA. FilippasF. FilthautM. Fincke-KeelerM. C. N. FiolhaisL. FioriniA. FiranG. FischerM. J. FisherM. FlechlI. FleckJ. FlecknerP. FleischmannS. FleischmannT. FlickL. R. Flores CastilloM. J. FlowerdewT. Fonseca MartinA. FormicaA. FortiD. FortinD. FournierA. J. FowlerK. FowlerH. FoxP. FrancavillaS. FranchinoD. FrancisM. FranklinS. FranzM. FraternaliS. FratinaJ. FreestoneS. T. FrenchR. FroeschlD. FroidevauxJ. A. FrostC. FukunagaE. Fullana TorregrosaJ. FusterC. GabaldonO. GabizonT. GadfortS. GadomskiG. GagliardiP. GagnonC. GaleaE. J. GallasM. V. GallasV. GalloB. J. GallopP. GallusE. GalyaevK. K. GanY. S. GaoA. GaponenkoM. Garcia-SciveresC. GarcíaJ. E. García NavarroR. W. GardnerN. GarelliH. GaritaonandiaV. GaronneC. GattiG. GaudioV. GautardP. GauzziI. L. GavrilenkoC. GayG. GayckenE. N. GazisP. GeC. N. P. GeeCh. Geich-GimbelK. GellerstedtC. GemmeM. H. GenestS. GentileF. GeorgatosS. GeorgeA. GershonH. GhazlaneN. GhodbaneB. GiacobbeS. GiaguV. GiakoumopoulouV. GiangiobbeF. GianottiB. GibbardA. GibsonS. M. GibsonL. M. GilbertM. GilchrieseV. GilewskyD. M. GingrichJ. GinzburgN. GiokarisM. P. GiordaniR. GiordanoF. M. GiorgiP. GiovanniniP. F. GiraudP. GirtlerD. GiugniP. GiustiB. K. GjelstenL. K. GladilinC. GlasmanA. GlazovK. W. GlitzaG. L. GlontiJ. GodfreyJ. GodlewskiM. GoebelT. GöpfertC. GoeringerC. GösslingT. GöttfertV. GoggiS. GoldfarbD. GoldinT. GollingA. GomesL. S. Gomez FajardoR. GonçaloL. GonellaC. GongS. González de la HozM. L. Gonzalez SilvaS. Gonzalez-SevillaJ. J. GoodsonL. GoossensH. A. GordonI. GorelovG. GorfineB. GoriniE. GoriniA. GorišekE. GornickiB. GosdzikM. GosselinkM. I. GostkinI. Gough EschrichM. GouighriD. GoujdamiM. P. GouletteA. G. GoussiouC. GoyI. Grabowska-BoldP. GrafströmK.-J. GrahnS. GrancagnoloV. GrassiV. GratchevN. GrauH. M. GrayJ. A. GrayE. GrazianiB. GreenT. GreenshawZ. D. GreenwoodI. M. GregorP. GrenierE. GriesmayerJ. GriffithsN. GrigalashviliA. A. GrilloK. GrimmS. GrinsteinY. V. GrishkevichM. GrohM. GrollE. GrossJ. Grosse-KnetterJ. Groth-JensenK. GrybelC. GuicheneyA. GuidaT. GuilleminH. GulerJ. GuntherB. GuoA. GuptaY. GusakovA. GutierrezP. GutierrezN. GuttmanO. GutzwillerC. GuyotC. GwenlanC. B. GwilliamA. HaasS. HaasC. HaberH. K. HadavandD. R. HadleyP. HaefnerR. HärtelZ. HajdukH. HakobyanJ. HallerK. HamacherA. HamiltonS. HamiltonL. HanK. HanagakiM. HanceC. HandelP. HankeJ. R. HansenJ. B. HansenJ. D. HansenP. H. HansenT. Hansl-KozaneckaP. HanssonK. HaraG. A. HareT. HarenbergR. D. HarringtonO. M. HarrisK. HarrisonJ. HartertF. HartjesA. HarveyS. HasegawaY. HasegawaK. HashemiS. HassaniS. HaugM. HauschildR. HauserM. HavranekC. M. HawkesR. J. HawkingsT. HayakawaH. S. HaywardS. J. HaywoodS. J. HeadV. HedbergL. HeelanS. HeimB. HeinemannS. HeisterkampL. HelaryM. HellerS. HellmanC. HelsensT. HemperekR. C. W. HendersonM. HenkeA. HenrichsA. M. Henriques CorreiaS. Henrot-VersilleC. HenselT. HenßY. Hernández JiménezA. D. HershenhornG. HertenR. HertenbergerL. HervasN. P. HesseyE. Higón-RodriguezJ. C. HillK. H. HillerS. HillertS. J. HillierI. HinchliffeE. HinesM. HiroseF. HirschD. HirschbuehlJ. HobbsN. HodM. C. HodgkinsonP. HodgsonA. HoeckerM. R. HoeferkampJ. HoffmanD. HoffmannM. HohlfeldT. HolyJ. L. HolzbauerY. HommaT. HorazdovskyT. HoriC. HornS. HornerS. HorvatJ.-Y. HostachyS. HouA. HoummadaT. HoweJ. HrivnacT. Hryn’ovaP. J. HsuS.-C. HsuG. S. HuangZ. HubacekF. HubautF. HueggingE. W. HughesG. HughesM. HurwitzU. HusemannN. HuseynovJ. HustonJ. HuthG. IacobucciG. IakovidisI. IbragimovL. Iconomidou-FayardJ. IdarragaP. IengoO. IgonkinaY. IkegamiM. IkenoY. IlchenkoD. IliadisT. InceP. IoannouM. IodiceA. Irles QuilesA. IshikawaM. IshinoR. IshmukhametovT. IsobeV. IssakovC. IsseverS. IstinY. ItohA. V. IvashinW. IwanskiH. IwasakiJ. M. IzenV. IzzoB. JacksonJ. N. JacksonP. JacksonM. R. JaekelV. JainK. JakobsS. JakobsenJ. JakubekD. K. JanaE. JansenA. JantschM. JanusR. C. JaredG. JarlskogL. JeantyI. Jen-La PlanteP. JenniP. JezS. JézéquelW. JiJ. JiaY. JiangM. Jimenez BelenguerS. JinO. JinnouchiD. JoffeM. JohansenK. E. JohanssonP. JohanssonS. JohnertK. A. JohnsK. Jon-AndG. JonesR. W. L. JonesT. J. JonesP. M. JorgeJ. JosephV. JuranekP. JusselV. V. KabachenkoM. KaciA. KaczmarskaM. KadoH. KaganM. KaganS. KaiserE. KajomovitzS. KalininL. V. KalinovskayaA. KalinowskiS. KamaN. KanayaM. KanedaV. A. KantserovJ. KanzakiB. KaplanA. KapliyJ. KaplonD. KarM. KaragounisM. Karagoz UnelV. KartvelishviliA. N. KaryukhinL. KashifA. KasmiR. D. KassA. KastanasM. KastoryanoM. KataokaY. KataokaE. KatsoufisJ. KatzyV. KaushikK. KawagoeT. KawamotoG. KawamuraM. S. KaylF. KayumovV. A. KazaninM. Y. KazarinovJ. R. KeatesR. KeelerP. T. KeenerR. KehoeM. KeilG. D. KekelidzeM. KellyM. KenyonO. KepkaN. KerschenB. P. KerševanS. KerstenK. KessokuM. KhakzadF. Khalil-zadaH. KhandanyanA. KhanovD. KharchenkoA. KhodinovA. KhomichG. KhoriauliN. KhovanskiyV. KhovanskiyE. KhramovJ. KhubuaH. KimM. S. KimP. C. KimS. H. KimO. KindP. KindB. T. KingJ. KirkG. P. KirschL. E. KirschA. E. KiryuninD. KisielewskaT. KittelmannH. KiyamuraE. KladivaM. KleinU. KleinK. KleinknechtM. KlemettiA. KlierA. KlimentovR. KlingenbergE. B. KlinkbyT. KlioutchnikovaP. F. KlokS. KlousE.-E. KlugeT. KlugeP. KluitM. KluteS. KluthN. S. KnechtE. KneringerB. R. KoT. KobayashiM. KobelB. KoblitzM. KocianA. KocnarP. KodysK. KönekeA. C. KönigS. KoenigL. KöpkeF. KoetsveldP. KoevesarkiT. KoffasE. KoffemanF. KohnZ. KohoutT. KohrikiH. KolanoskiV. KolesnikovI. KoletsouJ. KollD. KollarS. KolosS. D. KolyaA. A. KomarJ. R. KomaragiriT. KondoT. KonoR. KonoplichS. P. KonovalovN. KonstantinidisS. KopernyK. KorcylK. KordasA. KornI. KorolkovE. V. KorolkovaV. A. KorotkovO. KortnerP. KostkaV. V. KostyukhinS. KotovV. M. KotovK. Y. KotovC. KourkoumelisA. KoutsmanR. KowalewskiH. KowalskiT. Z. KowalskiW. KozaneckiA. S. KozhinV. KralV. A. KramarenkoG. KrambergerM. W. KrasnyA. KrasznahorkayA. KreiselF. KrejciJ. KretzschmarN. KriegerP. KriegerK. KroeningerH. KrohaJ. KrollJ. KrosebergJ. KrsticU. KruchonakH. KrügerZ. V. KrumshteynT. KubotaS. KuehnA. KugelT. KuhlD. KuhnV. KukhtinY. KulchitskyS. KuleshovC. KummerM. KunaJ. KunkleA. KupcoH. KurashigeM. KurataL. L. KurchaninovY. A. KurochkinV. KusR. KweeL. La RotondaJ. LabbeC. LacastaF. LacavaH. LackerD. LacourV. R. LacuestaE. LadyginR. LafayeB. LaforgeT. LagouriS. LaiM. LamannaC. L. LampenW. LamplE. LanconU. LandgrafM. P. J. LandonJ. L. LaneA. J. LankfordF. LanniK. LantzschA. LanzaS. LaplaceC. LapoireJ. F. LaporteT. LariA. LarnerM. LassnigP. LaurelliW. LavrijsenP. LaycockA. B. LazarevA. LazzaroO. Le DortzE. Le GuirriecE. Le MenedeuM. Le VineA. LebedevC. LebelT. LeCompteF. Ledroit-GuillonH. LeeJ. S. H. LeeS. C. LeeM. LefebvreM. LegendreB. C. LeGeytF. LeggerC. LeggettM. LehmacherG. Lehmann MiottoX. LeiR. LeitnerD. LellouchJ. LellouchV. LendermannK. J. C. LeneyT. LenzG. LenzenB. LenziK. LeonhardtC. LeroyJ.-R. LessardC. G. LesterA. Leung Fook CheongJ. LevêqueD. LevinL. J. LevinsonM. LeytonH. LiS. LiX. LiZ. LiangZ. LiangB. LibertiP. LichardM. LichtneckerK. LieW. LiebigJ. N. LilleyH. LimA. LimosaniM. LimperS. C. LinJ. T. LinnemannE. LipelesL. LipinskyA. LipniackaT. M. LissD. LissauerA. ListerA. M. LitkeC. LiuD. LiuH. LiuJ. B. LiuM. LiuT. LiuY. LiuM. LivanA. LleresS. L. LloydE. LobodzinskaP. LochW. S. LockmanS. LockwitzT. LoddenkoetterF. K. LoebingerA. LoginovC. W. LohT. LohseK. LohwasserM. LokajicekR. E. LongL. LopesD. Lopez MateosM. LosadaP. LoscutoffX. LouA. LounisK. F. LoureiroL. LovasJ. LoveP. A. LoveA. J. LoweF. LuH. J. LubattiC. LuciA. LucotteA. LudwigD. LudwigI. LudwigF. LuehringL. LuisaD. LumbL. LuminariE. LundB. Lund-JensenB. LundbergJ. LundbergJ. LundquistD. LynnJ. LysE. LytkenH. MaL. L. MaJ. A. Macana GoiaG. MaccarroneA. MacchioloB. MačekJ. Machado MiguensR. MackeprangR. J. MadarasW. F. MaderR. MaennerT. MaenoP. MättigS. MättigP. J. Magalhaes MartinsE. MagradzeY. MahalalelK. MahboubiA. MahmoodC. MaianiC. MaidantchikA. MaioS. MajewskiY. MakidaM. MakouskiN. MakovecPa. MaleckiP. MaleckiV. P. MaleevF. MalekU. MallikD. MalonS. MaltezosV. MalyshevS. MalyukovM. MambelliR. MameghaniJ. MamuzicL. MandelliI. MandićR. MandryschJ. ManeiraP. S. MangeardI. D. ManjavidzeP. M. ManningA. Manousakis-KatsikakisB. MansoulieA. MapelliL. MapelliL. MarchJ. F. MarchandF. MarcheseG. MarchioriM. MarcisovskyC. P. MarinoF. MarroquimZ. MarshallS. Marti-GarciaA. J. MartinA. J. MartinB. MartinB. MartinF. F. MartinJ. P. MartinT. A. MartinB. Martin dit LatourM. MartinezV. Martinez OutschoornA. MartiniA. C. MartyniukF. MarzanoA. MarzinL. MasettiT. MashimoR. MashinistovJ. MasikA. L. MaslennikovI. MassaN. MassolA. MastroberardinoT. MasubuchiP. MatriconH. MatsunagaT. MatsushitaC. MattraversS. J. MaxfieldA. MayneR. MaziniM. MazurM. MazzantiJ. McDonaldS. P. McKeeA. McCarnR. L. McCarthyN. A. McCubbinK. W. McFarlaneH. McGloneG. MchedlidzeS. J. McMahonR. A. McPhersonA. MeadeJ. MechnichM. MechtelM. MedinnisR. Meera-LebbaiT. M. MeguroS. MehlhaseA. MehtaK. MeierB. MeiroseC. MelachrinosB. R. Mellado GarciaL. Mendoza NavasZ. MengS. MenkeE. MeoniP. MermodL. MerolaC. MeroniF. S. MerrittA. M. MessinaJ. MetcalfeA. S. MeteJ.-P. MeyerJ. MeyerJ. MeyerT. C. MeyerW. T. MeyerJ. MiaoS. MichalL. MicuR. P. MiddletonS. MigasL. MijovićG. MikenbergM. MikestikovaM. MikužD. W. MillerW. J. MillsC. M. MillsA. MilovD. A. MilsteadD. MilsteinA. A. MinaenkoM. MiñanoI. A. MinashviliA. I. MincerB. MindurM. MineevY. MingL. M. MirG. MirabelliS. MisawaS. MiscettiA. MisiejukJ. MitrevskiV. A. MitsouP. S. MiyagawaJ. U. MjörnmarkD. MladenovT. MoaS. MoedV. MoellerK. MönigN. MöserW. MohrS. Mohrdieck-MöckR. Moles-VallsJ. Molina-PerezJ. MonkE. MonnierS. MontesanoF. MonticelliR. W. MooreC. Mora HerreraA. MoraesA. MoraisJ. MorelG. MorelloD. MorenoM. Moreno LlácerP. MorettiniM. MoriiA. K. MorleyG. MornacchiS. V. MorozovJ. D. MorrisH. G. MoserM. MosidzeJ. MossR. MountE. MountrichaS. V. MouravievE. J. W. MoyseM. MudrinicF. MuellerJ. MuellerK. MuellerT. A. MüllerD. MuenstermannA. MuirY. MunwesR. Murillo GarciaW. J. MurrayI. MusscheE. MustoA. G. MyagkovM. MyskaJ. NadalK. NagaiK. NaganoY. NagasakaA. M. NairzK. NakamuraI. NakanoH. NakatsukaG. NanavaA. NapierM. NashN. R. NationT. NattermannT. NaumannG. NavarroS. K. NderituH. A. NealE. NebotP. NechaevaA. NegriG. NegriA. NelsonT. K. NelsonS. NemecekP. NemethyA. A. NepomucenoM. NessiM. S. NeubauerA. NeusiedlR. M. NevesP. NevskiF. M. NewcomerR. B. NickersonR. NicolaidouL. NicolasG. NicolettiB. NicquevertF. NiedercornJ. NielsenA. NikiforovK. NikolaevI. Nikolic-AuditK. NikolopoulosH. NilsenP. NilssonA. NisatiT. NishiyamaR. NisiusL. NodulmanM. NomachiI. NomidisM. NordbergB. NordkvistD. NotzJ. NovakovaM. NozakiM. NožičkaI. M. NugentA.-E. Nuncio-QuirozG. Nunes HanningerT. NunnemannE. NurseD. C. O’NeilV. O’SheaF. G. OakhamH. OberlackA. OchiS. OdaS. OdakaJ. OdierH. OgrenA. OhS. H. OhC. C. OhmT. OhshimaH. OhshitaT. OhsugiS. OkadaH. OkawaY. OkumuraT. OkuyamaA. G. OlchevskiM. OliveiraD. Oliveira DamazioJ. OliverE. Oliveira GarciaD. OlivitoA. OlszewskiJ. OlszowskaC. OmachiA. OnofreP. U. E. OnyisiC. J. OramM. J. OregliaY. OrenD. OrestanoI. OrlovC. Oropeza BarreraR. S. OrrE. O. OrtegaB. OsculatiR. OspanovC. OsunaJ. P. OttersbachF. Ould-SaadaA. OuraouQ. OuyangM. OwenS. OwenA. OyarzunV. E. OzcanK. OzoneN. OzturkA. Pacheco PagesC. Padilla ArandaE. PaganisC. PahlF. PaigeK. PajchelS. PalestiniD. PallinA. PalmaJ. D. PalmerY. B. PanE. PanagiotopoulouB. PanesN. PanikashviliS. PanitkinD. PanteaM. PanuskovaV. PaoloneTh. D. PapadopoulouS. J. ParkW. ParkM. A. ParkerS. I. ParkerF. ParodiJ. A. ParsonsU. ParzefallE. PasqualucciA. PasseriF. PastoreFr. PastoreG. PásztorS. PataraiaJ. R. PaterS. PatricelliA. PatwaT. PaulyL. S. PeakM. PecsyM. I. Pedraza MoralesS. V. PeleganchukH. PengA. PensonJ. PenwellM. PerantoniK. PerezE. Perez CodinaM. T. Pérez García-EstañV. Perez RealeL. PeriniH. PerneggerR. PerrinoS. PersembeP. PerusV. D. PeshekhonovB. A. PetersenT. C. PetersenE. PetitC. PetridouE. PetroloF. PetrucciD. PetschullM. PetteniR. PezoaA. PhanA. W. PhillipsG. PiacquadioM. PiccininiR. PiegaiaJ. E. PilcherA. D. PilkingtonJ. PinaM. PinamontiJ. L. PinfoldB. PintoC. PizioR. PlacakyteM. PlamondonM.-A. PleierA. PoblaguevS. PoddarF. PodlyskiP. PoffenbergerL. PoggioliM. PohlF. PolciG. PoleselloA. PolicicchioA. PoliniJ. PollV. PolychronakosD. PomeroyK. PommèsP. PonsotL. PontecorvoB. G. PopeG. A. PopeneciuD. S. PopovicA. PoppletonJ. PopuleX. Portell BuesoR. PorterG. E. PospelovS. PospisilM. PotekhinI. N. PotrapC. J. PotterC. T. PotterK. P. PotterG. PoulardJ. PovedaR. PrabhuP. PralavorioS. PrasadR. PravahanL. PribylD. PriceL. E. PriceP. M. PrichardD. PrieurM. PrimaveraK. ProkofievF. ProkoshinS. ProtopopescuJ. ProudfootX. PrudentH. PrzysiezniakS. PsoroulasE. PtacekC. PuigdengolesJ. PurdhamM. PurohitP. PuzoY. PylypchenkoM. QiJ. QianW. QianZ. QinA. QuadtD. R. QuarrieW. B. QuayleF. QuinonezM. RaasV. RadekaV. RadescuB. RadicsT. RadorF. RagusaG. RahalA. M. RahimiS. RajagopalanM. RammenseeM. RammesF. RauscherE. RauterM. RaymondA. L. ReadD. M. RebuzziA. RedelbachG. RedlingerR. ReeceK. ReevesE. Reinherz-AronisA. ReinschI. ReisingerD. ReljicC. RembserZ. L. RenP. RenkelS. ResciaM. RescignoS. ResconiB. ResendeP. ReznicekR. RezvaniA. RichardsR. A. RichardsR. RichterE. Richter-WasM. RidelM. RijpstraM. RijssenbeekA. RimoldiL. RinaldiR. R. RiosI. RiuF. RizatdinovaE. RizviD. A. Roa RomeroS. H. RobertsonA. Robichaud-VeronneauD. RobinsonJ. E. M. RobinsonM. RobinsonA. RobsonJ. G. Rocha de LimaC. RodaD. Roda Dos SantosD. RodriguezY. Rodriguez GarciaS. RoeO. RøhneV. RojoS. RolliA. RomanioukV. M. RomanovG. RomeoD. Romero MaltranaL. RoosE. RosS. RosatiG. A. RosenbaumL. RosseletV. RossettiL. P. RossiM. RotaruJ. RothbergD. RousseauC. R. RoyonA. RozanovY. RozenX. RuanB. RuckertN. RuckstuhlV. I. RudG. RudolphF. RührF. RuggieriA. Ruiz-MartinezL. RumyantsevZ. RurikovaN. A. RusakovichJ. P. RutherfoordC. RuwiedelP. RuzickaY. F. RyabovP. RyanG. RybkinS. RzaevaA. F. SaavedraH. F.-W. SadrozinskiR. SadykovH. SakamotoG. SalamannaA. SalamonM. S. SaleemD. SalihagicA. SalnikovJ. SaltB. M. Salvachua FerrandoD. SalvatoreF. SalvatoreA. SalvucciA. SalzburgerD. SampsonidisB. H. SamsetH. SandakerH. G. SanderM. P. SandersM. SandhoffP. SandhuR. SandstroemS. SandvossD. P. C. SankeyB. SannyA. SansoniC. Santamarina RiosC. SantoniR. SantonicoJ. G. SaraivaT. SarangiE. Sarkisyan-GrinbaumF. SarriO. SasakiN. SasaoI. SatsounkevitchG. SauvageP. SavardA. Y. SavineV. SavinovL. SawyerD. H. SaxonL. P. SaysC. SbarraA. SbrizziD. A. ScannicchioJ. SchaarschmidtP. SchachtU. SchäferS. SchaetzelA. C. SchafferD. SchaileR. D. SchambergerA. G. SchamovV. A. SchegelskyD. ScheirichM. SchernauM. I. ScherzerC. SchiaviJ. SchieckM. SchioppaS. SchlenkerE. SchmidtK. SchmiedenC. SchmittM. SchmitzM. SchottD. SchoutenJ. SchovancovaM. SchramA. SchreinerC. SchroederN. SchroerM. SchroersJ. SchultesH.-C. Schultz-CoulonJ. W. SchumacherM. SchumacherB. A. SchummPh. SchuneC. SchwanenbergerA. SchwartzmanPh. SchwemlingR. SchwienhorstR. SchwierzJ. SchwindlingW. G. ScottJ. SearcyE. SedykhE. SeguraS. C. SeidelA. SeidenF. SeifertJ. M. SeixasG. SekhniaidzeD. M. SeliverstovB. SelldenN. Semprini-CesariC. SerfonL. SerinR. SeusterH. SeveriniM. E. SeviorA. SfyrlaE. ShabalinaM. ShamimL. Y. ShanJ. T. ShankQ. T. ShaoM. ShapiroP. B. ShatalovK. ShawD. ShermanP. SherwoodA. ShibataM. ShimojimaT. ShinA. ShmelevaM. J. ShochetM. A. ShupeP. SichoA. SidotiF. SiegertJ. SiegristDj. SijackiO. SilbertJ. SilvaY. SilverD. SilversteinS. B. SilversteinV. SimakLj. SimicS. SimionB. SimmonsM. SimonyanP. SinervoN. B. SinevV. SipicaG. SiragusaA. N. SisakyanS. Yu. SivoklokovJ. SjoelinT. B. SjursenK. SkovpenP. SkubicM. SlaterT. SlavicekK. SliwaJ. SloperT. SlukaV. SmakhtinS. Yu. SmirnovY. SmirnovL. N. SmirnovaO. SmirnovaB. C. SmithD. SmithK. M. SmithM. SmizanskaK. SmolekA. A. SnesarevS. W. SnowJ. SnowJ. SnuverinkS. SnyderM. SoaresR. SobieJ. SodomkaA. SofferC. A. SolansM. SolarJ. SolcE. Solfaroli CamillocciA. A. SolodkovO. V. SolovyanovR. SolukJ. SonderickerV. SopkoB. SopkoM. SosebeeA. SoukharevS. SpagnoloF. SpanòE. SpencerR. SpighiG. SpigoF. SpilaR. SpiwoksM. SpoustaT. SpreitzerB. SpurlockR. D. St. DenisT. StahlJ. StahlmanR. StamenS. N. StancuE. StaneckaR. W. StanekC. StanescuS. StapnesE. A. StarchenkoJ. StarkP. StarobaP. StarovoitovJ. StastnyP. StavinaG. StavropoulosG. SteeleP. SteinbachP. SteinbergI. SteklB. StelzerH. J. StelzerO. Stelzer-ChiltonH. StenzelK. StevensonG. A. StewartM. C. StocktonK. StoerigG. StoiceaS. StonjekP. StrachotaA. R. StradlingA. StraessnerJ. StrandbergS. StrandbergA. StrandlieM. StraussP. StrizenecR. StröhmerD. M. StromR. StroynowskiJ. StrubeB. StuguD. A. SohD. SuY. SugayaT. SugimotoC. SuhrM. SukV. V. SulinS. SultansoyT. SumidaX. H. SunJ. E. SundermannK. SurulizS. SushkovG. SusinnoM. R. SuttonT. SuzukiY. SuzukiI. SykoraT. SykoraT. SzymochaJ. SánchezD. TaK. TackmannA. TaffardR. TafiroutA. TagaY. TakahashiH. TakaiR. TakashimaH. TakedaT. TakeshitaM. TalbyA. TalyshevM. C. TamsettJ. TanakaR. TanakaS. TanakaS. TanakaS. TapproggeD. TardifS. TaremF. TarradeG. F. TartarelliP. TasM. TasevskyE. TassiM. TatarkhanovC. TaylorF. E. TaylorG. N. TaylorR. P. TaylorW. TaylorP. Teixeira-DiasH. Ten KateP. K. TengY. D. Tennenbaum-KatanS. TeradaK. TerashiJ. TerronM. TerwortM. TestaR. J. TeuscherM. ThioyeS. ThomaJ. P. ThomasE. N. ThompsonP. D. ThompsonP. D. ThompsonR. J. ThompsonA. S. ThompsonE. ThomsonR. P. ThunT. TicV. O. TikhomirovY. A. TikhonovP. TiptonF. J. Tique Aires ViegasS. TisserantB. ToczekT. TodorovS. Todorova-NovaB. ToggersonJ. TojoS. TokárK. TokushukuK. TollefsonL. TomasekM. TomasekM. TomotoL. TompkinsK. TomsA. TonoyanC. TopfelN. D. TopilinE. TorrenceE. Torró PastorJ. TothF. TouchardD. R. ToveyT. TrefzgerL. TrembletA. TricoliI. M. TriggerS. Trincaz-DuvoidT. N. TrinhM. F. TripianaN. TriplettW. TrischukA. TrivediB. TrocméC. TronconA. TrzupekC. TsarouchasJ. C.-L. TsengM. TsiakirisP. V. TsiareshkaD. TsionouG. TsipolitisV. TsiskaridzeE. G. TskhadadzeI. I. TsukermanV. TsulaiaJ.-W. TsungS. TsunoD. TsybychevJ. M. TuggleD. TurecekI. Turk CakirE. TurlayP. M. TutsM. S. TwomeyM. TylmadM. TyndelK. UchidaI. UedaM. UglandM. UhlenbrockM. UhrmacherF. UkegawaG. UnalA. UndrusG. UnelY. UnnoD. UrbaniecE. UrkovskyP. UrquijoP. UrrejolaG. UsaiM. UslenghiL. VacavantV. VacekB. VachonS. VahsenP. ValenteS. ValentinettiS. ValkarE. Valladolid GallegoS. VallecorsaJ. A. Valls FerrerR. Van BergH. van der GraafE. van der KraaijE. van der PoelD. van der SterN. van EldikP. van GemmerenZ. van KesterenI. van VulpenW. VandelliA. VaniachineP. VankovF. VannucciR. VariE. W. VarnesD. VarouchasA. VartapetianK. E. VarvellL. VasilyevaV. I. VassilakopoulosF. VazeilleC. VellidisF. VelosoS. VenezianoA. VenturaD. VenturaM. VenturiN. VenturiV. VercesiM. VerducciW. VerkerkeJ. C. VermeulenM. C. VetterliI. VichouT. VickeyG. H. A. ViehhauserM. VillaE. G. VillaniM. Villaplana PerezE. VilucchiM. G. VincterE. VinekV. B. VinogradovS. ViretJ. VirziA. VitaleO. VitellsI. VivarelliF. Vives VaqueS. VlachosM. VlasakN. VlasovA. VogelP. VokacM. VolpiH. von der SchmittJ. von LoebenH. von RadziewskiE. von ToerneV. VorobelV. VorwerkM. VosR. VossT. T. VossJ. H. VossebeldN. VranjesM. Vranjes MilosavljevicV. VrbaM. VreeswijkT. Vu AnhD. VudragovicR. VuillermetI. VukoticP. WagnerJ. WalberslohJ. WalderR. WalkerW. WalkowiakR. WallC. WangH. WangJ. WangS. M. WangA. WarburtonC. P. WardM. WarsinskyR. WastieP. M. WatkinsA. T. WatsonM. F. WatsonG. WattsS. WattsA. T. WaughB. M. WaughM. D. WeberM. WeberM. S. WeberP. WeberA. R. WeidbergJ. WeingartenC. WeiserH. WellensteinP. S. WellsM. WenT. WenausS. WendlerT. WenglerS. WenigN. WermesM. WernerP. WernerM. WerthU. WerthenbachM. WesselsK. WhalenA. WhiteM. J. WhiteS. WhiteS. R. WhiteheadD. WhitesonD. WhittingtonF. WicekD. WickeF. J. WickensW. WiedenmannM. WielersP. WienemannC. WiglesworthL. A. M. WiikA. WildauerM. A. WildtH. G. WilkensE. WilliamsH. H. WilliamsS. WillocqJ. A. WilsonM. G. WilsonA. WilsonI. Wingerter-SeezF. WinklmeierM. WittgenM. W. WolterH. WoltersB. K. WosiekJ. WotschackM. J. WoudstraK. WraightC. WrightD. WrightB. WronaS. L. WuX. WuE. WulfB. M. WynneL. XaplanterisS. XellaS. XieD. XuN. XuM. YamadaA. YamamotoK. YamamotoS. YamamotoT. YamamuraJ. YamaokaT. YamazakiY. YamazakiZ. YanH. YangU. K. YangZ. YangW.-M. YaoY. YaoY. YasuJ. YeS. YeM. YilmazR. YoosoofmiyaK. YoritaR. YoshidaC. YoungS. P. YoussefD. YuJ. YuL. YuanA. YurkewiczR. ZaidanA. M. ZaitsevZ. ZajacovaV. ZambranoL. ZanelloA. ZaytsevC. ZeitnitzM. ZellerA. ZemlaC. ZendlerO. ZeninT. ZenisZ. ZenonosS. ZenzD. ZerwasG. Zevi della PortaZ. ZhanH. ZhangJ. ZhangQ. ZhangX. ZhangL. ZhaoT. ZhaoZ. ZhaoA. ZhemchugovJ. ZhongB. ZhouN. ZhouY. ZhouC. G. ZhuH. ZhuY. ZhuX. ZhuangV. ZhuravlovR. ZimmermannS. ZimmermannS. ZimmermannM. ZiolkowskiL. ŽivkovićG. ZobernigA. ZoccoliM. zur NeddenV. Zutshi,2010,https://link.springer.com/article/10.1140/epjc/s10052-010-1429-9,Article
Dynamics of entanglement in one-dimensional Ising chains with two- and three-body interactions,The European Physical Journal D,,,,10.1140/epjd/e2009-00120-y,Y. Z. WuC. H. ShiX. HaoT. PanX. F. Jiang,2009,https://link.springer.com/article/10.1140/epjd/e2009-00120-y,Article
Free radicals and cell chemiluminescence,Biochemistry (Moscow),,,,10.1134/S0006297909130082,Yu. A. VladimirovE. V. Proskurnina,2009,https://link.springer.com/article/10.1134/S0006297909130082,Article
‘Keep Up the Good Work!’: The Concept of ‘Work’ in CSCW,Proceedings of COOP 2010,,,,10.1007/978-1-84996-211-7_15,Kjeld Schmidt,2010,https://link.springer.com/chapter/10.1007/978-1-84996-211-7_15,Conference paper
Double resonances in the dynamics of quantum systems with a dense discrete spectrum,Journal of Experimental and Theoretical Physics,,,,10.1134/S1063776109090167,V. A. BenderskiiL. N. GakE. I. Kats,2009,https://link.springer.com/article/10.1134/S1063776109090167,Article
The Back-End of a Two-Layer Model for a Federated National Datastore for Academic Research VOs  that Integrates EGEE Data Management,Journal of Grid Computing,,,,10.1007/s10723-010-9149-9,Brian CoghlanJohn WalshStephen ChildsGeoff QuigleyDavid O’CallaghanGabriele PierantoniJohn RyanNeil SimonKeith Rochford,2010,https://link.springer.com/article/10.1007/s10723-010-9149-9,Article
Grid Deployment Experiences: Grid Interoperation,Journal of Grid Computing,,,,10.1007/s10723-009-9128-1,Laurence FieldErwin LaureMarkus W. Schulz,2009,https://link.springer.com/article/10.1007/s10723-009-9128-1,Article
Microstructure and composition of SHS products of powder multicomponent oxide mixtures with aluminum and graphite,Inorganic Materials,,,,10.1134/S002016850906020X,V. P. KobyakovT. V. BarinovaV. I. RatnikovI. P. Borovinskaya,2009,https://link.springer.com/article/10.1134/S002016850906020X,Article
Projects Based On Hadoop and Future Directions,Pro Hadoop,,,,10.1007/978-1-4302-1943-9_10,,2009,https://link.springer.com/chapter/10.1007/978-1-4302-1943-9_10,Chapter
Short Communications / Posters,"Knee Surgery, Sports Traumatology, Arthroscopy",,,,10.1007/s00167-010-1122-4,,2010,https://link.springer.com/article/10.1007/s00167-010-1122-4,Article
On the formation of the structure of a carburized layer during cementation of a low-carbon martensitic steel 12Kh2G2NMFT,The Physics of Metals and Metallography,,,,10.1134/S0031918X09050093,A. S. IvanovS. A. KokovyakinaE. R. Kozlova,2009,https://link.springer.com/article/10.1134/S0031918X09050093,Article
A case for using grid architecture for state public health informatics: the Utah perspective,BMC Medical Informatics and Decision Making,,,,10.1186/1472-6947-9-32,Catherine J StaesWu XuSamuel D LeFevreRonald C PriceScott P NarusAdi GundlapalliRobert RolfsBarry NangleMatthew SamoreJulio C Facelli,2009,https://link.springer.com/article/10.1186/1472-6947-9-32,Article
"Parallel, Distributed, and Grid Computing",Hagenberg Research,,,,10.1007/978-3-642-02127-5_8,Wolfgang SchreinerKároly BósaAndreas LangeggerThomas LeitnerBernhard MoserSzilárd PállVolkmar WieserWolfram Wöß,2009,https://link.springer.com/chapter/10.1007/978-3-642-02127-5_8,Chapter
Laser induced ultrafast demagnetization in diluted magnetic semiconductor nanostructures,The European Physical Journal D,,,,10.1140/epjd/e2008-00281-1,O. MorandiP.-A. HervieuxG. Manfredi,2009,https://link.springer.com/article/10.1140/epjd/e2008-00281-1,Article
Standardization,Springer Handbook of Geographic Information,,,,10.1007/978-3-540-72680-7_13,Wolfgang KresseDavid M. DankoKian Fadaie,2011,https://link.springer.com/chapter/10.1007/978-3-540-72680-7_13,Chapter
Production of cold-deformed pipe for power-industry machinery,Steel in Translation,,,,10.3103/S0967091209010197,A. A. TereshchenkoA. P. GolovchenkoV. S. DekhtyarevYa. V. Frolov,2009,https://link.springer.com/article/10.3103/S0967091209010197,Article
Information Systems &amp; Architectures,Medical Imaging Informatics,,,,10.1007/978-1-4419-0385-3_3,Alex A. T. BuiCraig Morioka,2010,https://link.springer.com/chapter/10.1007/978-1-4419-0385-3_3,Chapter
End mill with equal working life of the lateral and end cutters,Russian Engineering Research,,,,10.3103/S1068798X08110129,V. P. Cherkashin,2008,https://link.springer.com/article/10.3103/S1068798X08110129,Article
Neoliberal European Governance and the Politics of Welfare State Retrenchment: A Critique of the New Malthusians,Contradictions and Limits of Neoliberal European Governance,,,,10.1057/9780230228757_3,Magnus Ryner,2009,https://link.springer.com/chapter/10.1057/9780230228757_3,Chapter
Authentication and Authorization,The Definitive Guide to Catalyst,,,,10.1007/978-1-4302-2366-5_8,,2009,https://link.springer.com/chapter/10.1007/978-1-4302-2366-5_8,Chapter
Lead contamination of an agricultural soil in the vicinity of a shooting range,Environmental Monitoring and Assessment,,,,10.1007/s10661-009-0774-3,Vladislav ChrastnýMichael KomárekTomáš Hájek,2009,https://link.springer.com/article/10.1007/s10661-009-0774-3,Article
Miscellaneous aspects related to the electronic structure,Structure of Matter,,,,10.1007/978-88-470-1129-8_13,Attilio RigamontiPietro Carretta,2009,https://link.springer.com/chapter/10.1007/978-88-470-1129-8_13,Chapter
The escape transition of a polymer: A unique case of non-equivalence between statistical ensembles,The European Physical Journal E,,,,10.1140/epje/i2008-10442-0,D. I. DimitrovL. I. KlushinA. SkvortsovA. MilchevK. Binder,2009,https://link.springer.com/article/10.1140/epje/i2008-10442-0,Article
"Analysis of Protein Glycosylation and Phosphorylation Using Liquid Phase Separation, Protein Microarray Technology, and Mass Spectrometry",Mass Spectrometry of Proteins and Peptides,,,,10.1007/978-1-59745-493-3_20,Jia ZhaoTasneem H. PatwaManoj PalWeilian QiuDavid M. Lubman,2009,https://link.springer.com/chapter/10.1007/978-1-59745-493-3_20,Protocol
Weimar Physics: Sommerfeld’s Seminar and the Causality Principle,Physics in Perspective,,,,10.1007/s00016-008-0385-3,S. S. Schweber,2009,https://link.springer.com/article/10.1007/s00016-008-0385-3,Article
Protein Environments and Electron Transfer Processes Probed with High-Frequency ENDOR,The Purple Phototrophic Bacteria,,,,10.1007/978-1-4020-8815-5_48,Oleg G. PoluektovLisa M. Utschig,2009,https://link.springer.com/chapter/10.1007/978-1-4020-8815-5_48,Chapter
TiO<sub>2</sub>-SiO<sub>2</sub> binary xerogels: Synthesis and characterization,Russian Journal of Inorganic Chemistry,,,,10.1134/S0036023608100069,Yu. V. MikushinaA. B. ShishmakovV. V. MatskevichN. A. ZhuravlevO. V. KoryakovaV. G. KharchukL. A. Petrov,2008,https://link.springer.com/article/10.1134/S0036023608100069,Article
A - Postgraduate Educational Programme,Insights into Imaging,,,,10.1007/s13244-010-0010-2,,2010,https://link.springer.com/article/10.1007/s13244-010-0010-2,Article
"Synthesis, structure, and the photomagnetic effect in crystals of 1,3,3,7′-tetramethylspiro[indoline-2,2′-2<i>H</i>-pyrano[3,2-<i>f</i>]quinolinium] tris(oxalato)chromate(III)",Russian Chemical Bulletin,,,,10.1007/s11172-008-0359-2,S. M. AldoshinN. A. SaninaE. A. YurievaG. V. ShilovE. V. KurganovaR. B. MorgunovB. S. Luk’yanovV. I. Minkin,2008,https://link.springer.com/article/10.1007/s11172-008-0359-2,Article
The low temperature spectral weight transfer problem in Kondo insulators,The European Physical Journal B,,,,10.1140/epjb/e2009-00030-x,R. FrancoJ. Silva-ValenciaM. S. Figueira,2009,https://link.springer.com/article/10.1140/epjb/e2009-00030-x,Article
The Wasserstein distances,Optimal Transport,,,,10.1007/978-3-540-71050-9_6,Cédric Villani,2009,https://link.springer.com/chapter/10.1007/978-3-540-71050-9_6,Chapter
Creep Analysis,Thermal Stresses – Advanced Theory and Applications,,,,10.1007/978-1-4020-9247-3_10,,2009,https://link.springer.com/chapter/10.1007/978-1-4020-9247-3_10,Chapter
Martensitic phase transition from cubic to tetragonal V<sub>3</sub>Si: an electronic structure study,The European Physical Journal B,,,,10.1140/epjb/e2008-00427-y,C. PaduaniC. A. Kuhnen,2008,https://link.springer.com/article/10.1140/epjb/e2008-00427-y,Article
"Abstracts of the 47th Annual Meeting of the EASD, Lisbon 2011",Diabetologia,,,,10.1007/s00125-011-2276-4,,2011,https://link.springer.com/article/10.1007/s00125-011-2276-4,Article
Turning Points in the Evolution of Isolated Neutron Stars'Magnetic Fields,Neutron Stars and Pulsars,,,,10.1007/978-3-540-76965-1_13,Ulrich Geppert,2009,https://link.springer.com/chapter/10.1007/978-3-540-76965-1_13,Chapter
Asia Federation Report International Symposium on Grid Computing 2007,Grid Computing,,,,10.1007/978-0-387-78417-5_1,Min TsaiSimon C. Lin,2009,https://link.springer.com/chapter/10.1007/978-0-387-78417-5_1,Chapter
Potentials,Advanced Batteries,,,,10.1007/978-0-387-76424-5_13,,2009,https://link.springer.com/chapter/10.1007/978-0-387-76424-5_13,Chapter
On Ways Forward,Politics Most Unusual,,,,10.1057/9780230583825_7,Damian CoxMichael LevineSaul Newman,2009,https://link.springer.com/chapter/10.1057/9780230583825_7,Chapter
Techniques for Membrane Surface Characterization,Surface Engineering of Polymer Membranes,,,,10.1007/978-3-540-88413-2_2,,2009,https://link.springer.com/chapter/10.1007/978-3-540-88413-2_2,Chapter
A Retrospective on Murϕ,25 Years of Model Checking,,,,10.1007/978-3-540-69850-0_5,David L. Dill,2008,https://link.springer.com/chapter/10.1007/978-3-540-69850-0_5,Chapter
Type of the second hole subband on the Si(110) surface: Spin splitting anisotropy,JETP Letters,,,,10.1134/S0021364008240090,S. I. Dorozhkin,2008,https://link.springer.com/article/10.1134/S0021364008240090,Article
Surfactant-Assisted Synthesis,Metal Oxide Nanoparticles in Organic Solvents,,,,10.1007/978-1-84882-671-7_3,,2009,https://link.springer.com/chapter/10.1007/978-1-84882-671-7_3,Chapter
Computer modeling of the jump-like deformation of AMg6 alloy,Materials Science,,,,10.1007/s11003-008-9041-y,P. V. YasniiYu. I. PyndusV. B. Hlad’oI. V. Shul’han,2008,https://link.springer.com/article/10.1007/s11003-008-9041-y,Article
Magnetic Field-Induced Spin-Density Wave and Spin-Density Wave Phases in (TMTSF)2PF6,The Physics of Organic Superconductors and Conductors,,,,10.1007/978-3-540-76672-8_16,A. V. KornilovV. M. Pudalov,2008,https://link.springer.com/chapter/10.1007/978-3-540-76672-8_16,Chapter
Surface plasmon optical study of the interfacial phase transition of elastinlike polypeptide grafted on gold,Biointerphases,,,,10.1116/1.2965133,Fei XuHuang Min JoonKimberly Trabbic-CarlsonAshutosh ChilkotiWolfgang Knoll,2008,https://link.springer.com/article/10.1116/1.2965133,Article
Transformation of austenite in Fe-Cu alloys. III: Copper precipitation during cooling and holding of steels alloyed with copper,The Physics of Metals and Metallography,,,,10.1134/S0031918X08050086,V. N. UrtsevD. A. MirzaevI. L. YakovlevaN. I. Vinogradova,2008,https://link.springer.com/article/10.1134/S0031918X08050086,Article
Density functional calculations of the physicochemical properties of formamidyl radicals,"Russian Journal of Physical Chemistry A, Focus on Chemistry",,,,10.1134/S0036024408050142,V. V. TurovtsevYu. D. OrlovI. A. PetrovA. N. KizinYu. A. Lebedev,2008,https://link.springer.com/article/10.1134/S0036024408050142,Article
Nanostructuring of metals in fatigue loading,Russian Engineering Research,,,,10.3103/S1068798X08060105,Yu. G. Kabaldin,2008,https://link.springer.com/article/10.3103/S1068798X08060105,Article
The nature of the ordering of atoms in a melt and the surface properties of simple eutectic systems,Journal of Superhard Materials,,,,10.3103/S1063457608040035,V. P. KazimirovA. S. RoikV. M. PerevertailoO. B. LoginovaS. A. Lisovenko,2008,https://link.springer.com/article/10.3103/S1063457608040035,Article
Phase field simulation of the interface morphology evolution and its stability during directional solidification of binary alloys,Science in China Series E: Technological Sciences,,,,10.1007/s11431-008-0041-9,JinCheng WangJunJie LiYuJuan YangYuXiang ZhangGenCang Yang,2008,https://link.springer.com/article/10.1007/s11431-008-0041-9,Article
Paraequilibria in the Fe-Si-C system and their relation to the bainite transformation in steels,Russian Metallurgy (Metally),,,,10.1134/S003602950802016X,N. G. ShaposhnikovB. M. Mogutnov,2008,https://link.springer.com/article/10.1134/S003602950802016X,Article
Induction systems and methods for the medium-frequency refining of ferrous metals,Metallurgist,,,,10.1007/s11015-008-9047-6,V. I. Luzgin,2008,https://link.springer.com/article/10.1007/s11015-008-9047-6,Article
Analysis of physicochemical processes in multicomponent electricity generating channels with communicating fuel-element and interelectrode gaps,Atomic Energy,,,,10.1007/s10512-008-9030-0,A. S. Gontar’A. A. GridnevD. Yu. Lyubimov,2008,https://link.springer.com/article/10.1007/s10512-008-9030-0,Article
Improving the operation of aerostatic bearings,Russian Engineering Research,,,,10.3103/S1068798X08050043,Yu. S. Klimenkov,2008,https://link.springer.com/article/10.3103/S1068798X08050043,Article
Study of the Electronic Structure of the Unconventional Superconductor Sr2RuO4 by the Embedded Cluster Method,Frontiers in Quantum Systems in Chemistry and Physics,,,,10.1007/978-1-4020-8707-3_3,Ilya G. KaplanJacques Soullard,2008,https://link.springer.com/chapter/10.1007/978-1-4020-8707-3_3,Chapter
Atomic Assembly of Magnetoresistive Multilayers,Reactive Sputter Deposition,,,,10.1007/978-3-540-76664-3_14,Haydn WadleyXiaowang ZhouWilliam H. Butler,2008,https://link.springer.com/chapter/10.1007/978-3-540-76664-3_14,Chapter
The development of metallic nuclear fuels for transmutation applications: Materials challenges,JOM,,,,10.1007/s11837-008-0004-4,D. D. KeiserJ. R. KennedyB. A. HiltonS. L. Hayes,2008,https://link.springer.com/article/10.1007/s11837-008-0004-4,Article
"Horizontal branch stars: the interplay between observations and&#xa0;theory, and insights into the formation of the Galaxy",Astrophysics and Space Science,,,,10.1007/s10509-009-9987-8,M. Catelan,2009,https://link.springer.com/article/10.1007/s10509-009-9987-8,Article
Test of extensively damaged hybrid ship hull,Journal of Marine Science and Technology,,,,10.1007/s00773-007-0250-0,Joachim L. GrenestedtJun CaoWilliam J. Maroun,2008,https://link.springer.com/article/10.1007/s00773-007-0250-0,Article
Space Physics Interactive Data Resource—SPIDR,Earth Science Informatics,,,,10.1007/s12145-008-0012-5,Mikhail ZhizhinEric KihnRob RedmonDmitry MedvedevDmitry Mishin,2008,https://link.springer.com/article/10.1007/s12145-008-0012-5,Article
Superplasticity of hydrogen-containing VT6 titanium alloy with a submicrocrystalline structure,The Physics of Metals and Metallography,,,,10.1134/S0031918X07080133,M. A. MurzinovaG. A. SalishchevD. D. Afonichev,2007,https://link.springer.com/article/10.1134/S0031918X07080133,Article
On the rotational dynamics of Prometheus and Pandora,Celestial Mechanics and Dynamical Astronomy,,,,10.1007/s10569-008-9131-z,A. V. MelnikovI. I. Shevchenko,2008,https://link.springer.com/article/10.1007/s10569-008-9131-z,Article
"Electronic structure of crystal-forming fulborenes B<sub>
                <i>n</i>
              </sub>N<sub>
                <i>n</i>
              </sub>
            ",Physics of the Solid State,,,,10.1134/S1063783407120207,V. V. PokropivnyL. I. OvsyannikovaS. V. Kovrigin,2007,https://link.springer.com/article/10.1134/S1063783407120207,Article
Symbolic Graphs: Linear Solutions to Connectivity Related Problems,Algorithmica,,,,10.1007/s00453-007-9079-5,Raffaella GentiliniCarla PiazzaAlberto Policriti,2007,https://link.springer.com/article/10.1007/s00453-007-9079-5,Article
Chronology,"History of Shock Waves, Explosions and Impact",,,,10.1007/978-3-540-30421-0_3,,2009,https://link.springer.com/chapter/10.1007/978-3-540-30421-0_3,Chapter
Phase and structural changes in superplastic Sn-Pb eutectic under external compressive stresses,The Physics of Metals and Metallography,,,,10.1134/S0031918X07090128,V. F. KorshakA. L. Samsonik,2007,https://link.springer.com/article/10.1134/S0031918X07090128,Article
5f-Electron Phenomena in the Metallic State,The Chemistry of the Actinide and Transactinide Elements,,,,10.1007/1-4020-3598-5_21,A. J. ArkoJohn J. JoyceLadia Havela,2008,https://link.springer.com/chapter/10.1007/1-4020-3598-5_21,Chapter
Laser-Based Rapid Prototyping Processes,Laser Fabrication and Machining of Materials,,,,10.1007/978-0-387-72344-0_9,,2008,https://link.springer.com/chapter/10.1007/978-0-387-72344-0_9,Chapter
Mössbauer analysis of the magnetic structure of a high-carbon austenitic steel upon deformation and under pressure,The Physics of Metals and Metallography,,,,10.1134/S0031918X07100067,V. A. ShabashovL. G. KorshunovA. E. ZamatovskiiA. V. Litvinov,2007,https://link.springer.com/article/10.1134/S0031918X07100067,Article
Postgraduate Educational Programme,European Radiology,,,,10.1007/s00330-009-1374-x,,2009,https://link.springer.com/article/10.1007/s00330-009-1374-x,Article
Cardiac and Pericardial Tumors,Cardiovascular Magnetic Resonance Imaging,,,,10.1007/978-1-59745-306-6_21,Maung M. KhinRaymond Y. Kwong,2008,https://link.springer.com/chapter/10.1007/978-1-59745-306-6_21,Chapter
Modelling the Regional Climate of Southwest Germany: Sensitivity to Simulation Setup,High Performance Computing in Science and Engineering `07,,,,10.1007/978-3-540-74739-0_36,C. MeissnerG. Schaedler,2008,https://link.springer.com/chapter/10.1007/978-3-540-74739-0_36,Conference paper
Dissecting Cancer Serum Protein Profiles Using Antibody Arrays,Clinical Proteomics,,,,10.1007/978-1-59745-117-8_15,Marta Sanchez-Carbayo,2008,https://link.springer.com/chapter/10.1007/978-1-59745-117-8_15,Protocol
Protactinium,The Chemistry of the Actinide and Transactinide Elements,,,,10.1007/1-4020-3598-5_4,Boris F. MyasoedovHarold W. KirbyIvan G. Tananaev,2008,https://link.springer.com/chapter/10.1007/1-4020-3598-5_4,Chapter
A Logic Programming Approach to Scientific Workflow Provenance Querying,Provenance and Annotation of Data and Processes,,,,10.1007/978-3-540-89965-5_5,Yong ZhaoShiyong Lu,2008,https://link.springer.com/chapter/10.1007/978-3-540-89965-5_5,Conference paper
Universality Classes Different from Directed Percolation,Non-Equilibrium Phase Transitions,,,,10.1007/978-1-4020-8765-3_5,,2008,https://link.springer.com/chapter/10.1007/978-1-4020-8765-3_5,Chapter
Multiwalled carbon nanotubes functionalized with PS via emulsion polymerization,Macromolecular Research,,,,10.1007/BF03218822,Incheol ParkMin ParkJunkyung KimHyunjung LeeMoo Sung Lee,2007,https://link.springer.com/article/10.1007/BF03218822,Article
Modelling the Overflows Across the Greenland–Scotland Ridge,Arctic–Subarctic Ocean Fluxes,,,,10.1007/978-1-4020-6774-7_23,Johann H. JungclausAndreas MacranderRolf H. Käse,2008,https://link.springer.com/chapter/10.1007/978-1-4020-6774-7_23,Chapter
Photochromic liquid-crystalline copolymers containing crown ether groups,Russian Chemical Bulletin,,,,10.1007/s11172-007-0384-6,V. P. ShibaevA. S. MedvedevA. Yu. Bobrovsky,2007,https://link.springer.com/article/10.1007/s11172-007-0384-6,Article
A Reference Model for Grid Architectures and Its Analysis,On the Move to Meaningful Internet Systems: OTM 2008,,,,10.1007/978-3-540-88871-0_63,Carmen BratosinWil van der AalstNatalia SidorovaNikola Trčka,2008,https://link.springer.com/chapter/10.1007/978-3-540-88871-0_63,Conference paper
Behavior of excitons and trions in CdTe/CdMgTe quantum-well structures with variations in temperature,Physics of the Solid State,,,,10.1134/S1063783407080288,D. A. AndronikovM. FehrV. P. KochereshkoS. A. CrookerG. Karczewski,2007,https://link.springer.com/article/10.1134/S1063783407080288,Article
"Spectroscopic and thermal investigations of complexes of Cr<sup>III</sup>, Mn<sup>II</sup>, Zn<sup>II</sup> &amp; Cd<sup>II</sup> - carboxamide",Transition Metal Chemistry,,,,10.1007/s11243-007-0294-3,Bibhesh K. SinghParashuram MishraBhagwan S. Garg,2007,https://link.springer.com/article/10.1007/s11243-007-0294-3,Article
On crack tunneling and plane-strain delamination in laminates,International Journal of Fracture,,,,10.1007/s10704-008-9212-8,René C. Alderliesten,2007,https://link.springer.com/article/10.1007/s10704-008-9212-8,Article
Memory devices based on organic electric bistable materials,Chinese Science Bulletin,,,,10.1007/s11434-007-0314-x,Chen QiBai HuaShi GaoQuan,2007,https://link.springer.com/article/10.1007/s11434-007-0314-x,Article
Working to Build Empowerment: The Global Challenge,Health Promotion in Action,,,,10.1057/9780230228375_7,Ronald LabontéGlenn Laverack,2008,https://link.springer.com/chapter/10.1057/9780230228375_7,Chapter
Competition Policy Analysis – An Integrated Approach,Competition Policy Analysis,,,,10.1007/978-3-7908-2090-4_2,,2009,https://link.springer.com/chapter/10.1007/978-3-7908-2090-4_2,Chapter
On upscaling of rain-gauge data for evaluating numerical weather forecasts,Meteorology and Atmospheric Physics,,,,10.1007/s00703-007-0261-8,B. AhrensA. Beck,2008,https://link.springer.com/article/10.1007/s00703-007-0261-8,Article
Po River discharges: a preliminary analysis of a 200-year time series,Climatic Change,,,,10.1007/s10584-008-9395-z,Davide ZanchettinPietro TraversoMario Tomasino,2008,https://link.springer.com/article/10.1007/s10584-008-9395-z,Article
How It Really Works,Why American Foreign Policy Fails,,,,10.1057/9780230611771_4,Dennis C. Jett,2008,https://link.springer.com/chapter/10.1057/9780230611771_4,Chapter
Ternary inclusion complexes of cyclodextrins with spin-labeled indoles and hydrocarbons. The formation of 2: 1: 2 complexes and partial dissociation of spin-labeled guests in the presence of a hydrocarbon liquid phase,Russian Chemical Bulletin,,,,10.1007/s11172-006-0569-4,I. V. DemishevaV. A. LivshitsM. V. Alfimov,2006,https://link.springer.com/article/10.1007/s11172-006-0569-4,Article
Acute Care,Principles of Clinical Medicine for Space Flight,,,,10.1007/978-0-387-68164-1_5,Thomas H. Marshburn,2008,https://link.springer.com/chapter/10.1007/978-0-387-68164-1_5,Chapter
Effect of Chromium on CCT Diagrams of Novel Air-Cooled Bainite Steels Analyzed by Neural Network,Journal of Iron and Steel Research International,,,,10.1016/S1006-706X(07)60055-7,Wei YouWei-hong XuYa-xiu LiuBing-zhe BaiHong-sheng Fang,2007,https://link.springer.com/article/10.1016/S1006-706X(07)60055-7,Article
"Multiplicative or <i>t</i>
              <sub>1</sub> Noise in NMR Spectroscopy",Applied Magnetic Resonance,,,,10.1007/s00723-007-0006-3,J. Granwehr,2007,https://link.springer.com/article/10.1007/s00723-007-0006-3,Article
EuroTRUSTAmI workshop : European R&amp;D towards trusted Ambient Intelligence,Developing Ambient Intelligence,,,,10.1007/978-2-287-78544-3_17,,2008,https://link.springer.com/chapter/10.1007/978-2-287-78544-3_17,Conference paper
Bainitic transformation in iron with stably graphitized structure,Metal Science and Heat Treatment,,,,10.1007/s11041-007-0037-2,G. I. SilmanV. V. KamyninM. S. Polukhin,2007,https://link.springer.com/article/10.1007/s11041-007-0037-2,Article
The state of metals in the Pt/Al<sub>2</sub>O<sub>3</sub> and (Pt-Cu)/Al<sub>2</sub>O<sub>3</sub> catalysts as indicated by IR spectroscopy with isotope dilution of <sup>12</sup>C<sup>16</sup>O with <sup>13</sup>C<sup>18</sup>O molecules,Russian Chemical Bulletin,,,,10.1007/s11172-007-0130-0,V. Yu. BorovkovS. P. KolesnikovV. I. Koval’chukJ. L. d’Itri,2007,https://link.springer.com/article/10.1007/s11172-007-0130-0,Article
Formation of a dislocation structure of aluminum single crystals under the action of pressure and gravitational field on the melt,The Physics of Metals and Metallography,,,,10.1134/S0031918X07030143,V. O. EsinA. S. KrivonosovaI. Zh. SattybaevT. G. Fedorova,2007,https://link.springer.com/article/10.1134/S0031918X07030143,Article
Symbolic Test Generation Using a Temporal Logic with Constrained Events,Formal Methods and Hybrid Real-Time Systems,,,,10.1007/978-3-540-75221-9_21,Daguang LiuPeng WuHuimin Lin,2007,https://link.springer.com/chapter/10.1007/978-3-540-75221-9_21,Chapter
"Reference, Representation and Realism",Metascience,,,,10.1007/s11016-006-9075-4,Michela Massimi,2007,https://link.springer.com/article/10.1007/s11016-006-9075-4,Article
Fundamental Properties of Pb-Free Solder Alloys,Lead-Free Soldering,,,,10.1007/978-0-387-68422-2_2,Carol HandwerkerUrsula KattnerKil-Won Moon,2007,https://link.springer.com/chapter/10.1007/978-0-387-68422-2_2,Chapter
Isosbestic Points in the Spectral Function of Correlated Electrons,Journal of Low Temperature Physics,,,,10.1007/s10909-007-9311-3,Martin EcksteinMarcus KollarDieter Vollhardt,2007,https://link.springer.com/article/10.1007/s10909-007-9311-3,Article
Nuovo DRM Paradiso: Towards a Verified Fair DRM Scheme,International Symposium on Fundamentals of Software Engineering,,,,10.1007/978-3-540-75698-9_3,M. Torabi DashtiS. Krishnan NairH. L. Jonker,2007,https://link.springer.com/chapter/10.1007/978-3-540-75698-9_3,Conference paper
Mechanisms of Spinal Cord Stimulation in Neuropathic and Vasculopathic Pain: Present Status of Knowledge — and Views for the Future,Proceedings of the Medtronic Forum for Neuroscience and Neuro-Technology 2005,,,,10.1007/978-3-540-32746-2_5,B. Linderoth,2007,https://link.springer.com/chapter/10.1007/978-3-540-32746-2_5,Chapter
Miscellaneous aspects related to the electronic structure,Structure of Matter,,,,10.1007/978-88-470-0560-0_13,Attilio RigamontiPietro Carretta,2007,https://link.springer.com/chapter/10.1007/978-88-470-0560-0_13,Chapter
Systems Development in a GRIDs Environment,Conceptual Modelling in Information Systems Engineering,,,,10.1007/978-3-540-72677-7_17,Keith G. Jeffery,2007,https://link.springer.com/chapter/10.1007/978-3-540-72677-7_17,Chapter
9<sup>th</sup> European Congress of Trauma and Emergency Surgery - 1<sup>st</sup> ESTES Congress,European Journal of Trauma and Emergency Surgery,,,,10.1007/s00068-008-8001-4,,2008,https://link.springer.com/article/10.1007/s00068-008-8001-4,Article
A curved one-dimensional wire with Rashba coupling as a spin switch,Journal of Experimental and Theoretical Physics Letters,,,,10.1134/S0021364006080042,M. P. TrushinA. L. Chudnovskiy,2006,https://link.springer.com/article/10.1134/S0021364006080042,Article
Formal Verification of Infinite State Systems Using Boolean Methods,Term Rewriting and Applications,,,,10.1007/11805618_1,Randal E. Bryant,2006,https://link.springer.com/chapter/10.1007/11805618_1,Conference paper
A Virtual Organisation deployed on a Service Orientated Architecture for Distributed Data Mining applications,Grid-Based Problem Solving Environments,,,,10.1007/978-0-387-73659-4_9,Thomas JacksonMark JessopMartyn FletcherJim Austin,2007,https://link.springer.com/chapter/10.1007/978-0-387-73659-4_9,Conference paper
Detection of DNA Copy Number Alterations in Complex Genomes Using Array Comparative Genomic Hybridization,Microarrays,,,,10.1007/978-1-59745-303-5_5,Wei-Wen Cai,2007,https://link.springer.com/chapter/10.1007/978-1-59745-303-5_5,Protocol
Synthesis and characterization of enzyme-Au bioconjugates: HRP and fluorescein-labeled HRP,NanoBiotechnology,,,,10.1007/s12030-007-0002-6,A. -S. CansS. L. DeanF. E. ReyesC. D. Keating,2007,https://link.springer.com/article/10.1007/s12030-007-0002-6,Article
"Experimental and theoretical studies of the structure and IR spectra of neutral diamagnetic binuclear iron nitrosyl complexes Fe<sub>2</sub>(µ-SC<sub>6−<i>n</i>
</sub>H<sub>5−<i>n</i>
</sub>N<sub>n</sub>)<i>2</i>(NO)<sub>4</sub> (<i>n</i> = 0, 1, 2)",Russian Chemical Bulletin,,,,10.1007/s11172-006-0564-9,A. F. ShestakovYu. M. Shul’gaN. S. Emel’yanovaN. A. SaninaS. M. Aldoshin,2006,https://link.springer.com/article/10.1007/s11172-006-0564-9,Article
"Two-dimensional electrons at the <i>n</i>-GaAs/Al<sub>
                <i>x</i>
              </sub>Ga<sub>1−<i>x</i>
              </sub>As heterointerface under uniaxial compression",Journal of Experimental and Theoretical Physics,,,,10.1134/S1063776106110136,W. KraakA. M. SavinN. Ya. MininaA. A. Il’evskiĭA. V. Polyanskiĭ,2006,https://link.springer.com/article/10.1134/S1063776106110136,Article
Adhesive Bonding of Passive Optical Components,"Micro- and Opto-Electronic Materials and Structures: Physics, Mechanics, Design, Reliability, Packaging",,,,10.1007/0-387-32989-7_39,Anne-Claire PliskaChristian Bosshard,2007,https://link.springer.com/chapter/10.1007/0-387-32989-7_39,Chapter
Manufactured Textile Fibers,Kent and Riegel’s Handbook of Industrial Chemistry and Biotechnology,,,,10.1007/978-0-387-27843-8_12,Bhupender S. Gupta,2007,https://link.springer.com/chapter/10.1007/978-0-387-27843-8_12,Chapter
Metal-semiconductor (semimetal) superlattices on a graphite sheet with vacancies,JETP Letters,,,,10.1134/S0021364006150033,L. A. ChernozatonskiiP. B. SorokinE. É. BelovaJ. BrüningA. S. Fedorov,2006,https://link.springer.com/article/10.1134/S0021364006150033,Article
Service Architectures for e-Science Grid Gateways: Opportunities and Challenges,"On the Move to Meaningful Internet Systems 2007: CoopIS, DOA, ODBASE, GADA, and IS",,,,10.1007/978-3-540-76843-2_2,Dennis GannonBeth PlaleDaniel A. Reed,2007,https://link.springer.com/chapter/10.1007/978-3-540-76843-2_2,Conference paper
Molecules and clusters in strong laser fields,Analysis and Control of Ultrafast Photoinduced Reactions,,,,10.1007/978-3-540-68038-3_6,Claus Peter SchulzTobias BurnusAlberto CastroE.K.U. GrossAndreas HeidenreichIngolf V. Hertel1Joshua JortnerTim LaarmannIsidore LastRobert J. LevisMiguel A. L. MarquesDmitri A. RomanovAlejandro Saenz,2007,https://link.springer.com/chapter/10.1007/978-3-540-68038-3_6,Chapter
Problems in gambling research,The Economics of Casino Gambling,,,,10.1007/978-3-540-35104-7_8,,2007,https://link.springer.com/chapter/10.1007/978-3-540-35104-7_8,Chapter
High-Sensitivity Electric Force Microscopy of Organic Electronic Materials and Devices,Scanning Probe Microscopy,,,,10.1007/978-0-387-28668-6_30,William R. SilveiraErik M. MullerTse Nga NgDavid DunlapJohn A. Marohn,2007,https://link.springer.com/chapter/10.1007/978-0-387-28668-6_30,Chapter
Carbon and nitrogen redistribution in weld joint of ion nitrided 15CrMov 2-5-3 and advanced P91 heat-resistant steels,Journal of Phase Equilibria and Diffusion,,,,10.1007/s11669-006-0008-0,J. SopouŝekR. Foret,2006,https://link.springer.com/article/10.1007/s11669-006-0008-0,Article
Atomic radical—molecule reactions F +&#xa0; CH<sub>3</sub>C≡CH: mechanistic study,Theoretical Chemistry Accounts,,,,10.1007/s00214-006-0169-2,Ji-Lai LiCai-Yun GengXu-Ri HuangChia-Chung Sun,2006,https://link.springer.com/article/10.1007/s00214-006-0169-2,Article
Rebel Yell: The Field Marshal’s Story,Rethinking Mau Mau in Colonial Kenya,,,,10.1057/9780230606999_3,S. M. Shamsul Alam,2007,https://link.springer.com/chapter/10.1057/9780230606999_3,Chapter
A survey of Web Information Systems and Applications,Wuhan University Journal of Natural Sciences,,,,10.1007/BF02829210,Wang GuorenXu LizhenXu BaowenYu GeMeng XiaofengHe YanxiangLi Ruixuan,2006,https://link.springer.com/article/10.1007/BF02829210,Article
Potential future changes in water limitations of the terrestrial biosphere,Climatic Change,,,,10.1007/s10584-006-9104-8,Dieter GertenSibyll SchaphoffWolfgang Lucht,2007,https://link.springer.com/article/10.1007/s10584-006-9104-8,Article
Anisotropic Field Distributions in Left-Handed Guided Wave Electronic Structures and Negative Refractive Bicrystal Heterostructures,Physics of Negative Refraction and Negative Index Materials,,,,10.1007/978-3-540-72132-1_2,Clifford M. Krowne,2007,https://link.springer.com/chapter/10.1007/978-3-540-72132-1_2,Chapter
Theoretical Investigation of Interfaces,Materials for Tomorrow,,,,10.1007/978-3-540-47971-0_4,Sibylle GemmingMichael Schreiber,2007,https://link.springer.com/chapter/10.1007/978-3-540-47971-0_4,Chapter
Re-engineering the Developmental State in an Age of Globalization: Taiwan in Defiance of Neoliberalism,Neoliberalism and Institutional Reform in East Asia,,,,10.1057/9780230590342_4,Yun-han Chu,2007,https://link.springer.com/chapter/10.1057/9780230590342_4,Chapter
How Long Can the European Beauty Keep Sleeping: Maastricht and Lisbon together or Maastricht Alone … For Ever and Ever. Amen?,The World Economy Towards Global Disequilibrium,,,,10.1057/9780230590847_5,Mario BaldassarriPasquale Capretta,2007,https://link.springer.com/chapter/10.1057/9780230590847_5,Chapter
The Flourishing of Racist Ideology: From Pahlavi Monarchism to the Islamic Republic,Iran and the Challenge of Diversity,,,,10.1057/9780230604889_4,Alireza Asgharzadeh,2007,https://link.springer.com/chapter/10.1057/9780230604889_4,Chapter
Transfer of CIDNP among coupled spins at low magnetic field,Applied Magnetic Resonance,,,,10.1007/BF03166215,K. L. IvanovK. MieselA. V. YurkovskayaS. E. KorchakA. S. KiryutinH. -M. Vieth,2006,https://link.springer.com/article/10.1007/BF03166215,Article
Induced Representations,Representations of Linear Groups,,,,10.1007/978-3-8348-9401-4_8,,2007,https://link.springer.com/chapter/10.1007/978-3-8348-9401-4_8,Chapter
Periodic changes in the state of a 4<i>f</i>-metal compound under ultrahigh pressure,Physics of the Solid State,,,,10.1134/S1063783406090046,V. A. Voloshin,2006,https://link.springer.com/article/10.1134/S1063783406090046,Article
In Search of Inclusive Development: Introduction,Social Policy in Sub-Saharan African Context,,,,10.1057/9780230590984_1,’Jìmí O. Adésínà,2007,https://link.springer.com/chapter/10.1057/9780230590984_1,Chapter
Interpretation of near-field images of semiconductor nanostructures,Applied Physics B,,,,10.1007/s00340-006-2215-0,E. RungeC. Lienau,2006,https://link.springer.com/article/10.1007/s00340-006-2215-0,Article
Computing for ongoing experiments on high-energy physics at Laboratory of Particle Physics at JINR,Physics of Particles and Nuclei Letters,,,,10.1134/S1547477106040029,D. A. BelosludtsevV. E. Zhil’tsovA. I. ZinchenkoV. D. KekelidzeD. T. MadigozhinYu. K. PotrebenikovS. V. KhabarovS. N. ShkarovskyB. G. Shchinov,2006,https://link.springer.com/article/10.1134/S1547477106040029,Article
Mössbauer investigations of the metastable Fe<sub>23</sub>B<sub>6</sub> phase,The Physics of Metals and Metallography,,,,10.1134/S0031918X06050073,V. A. BarinovV. A. TsurinV. I. VoroninS. I. NovikovV. T. Surikov,2006,https://link.springer.com/article/10.1134/S0031918X06050073,Article
Complex systems in the gas phase,Analysis and Control of Ultrafast Photoinduced Reactions,,,,10.1007/978-3-540-68038-3_3,Vlasta Bonačić-KouteckýBrina BrauerFlorian BurmeisterWolfgang EberhardtR. Benny GerberLeticia GonzálezGert von HeldenAster KammrathSeong K. KimJörn ManzGerard MeijerRoland MitrićMatthias NeebDaniel M. NeumarkThomas SchultzJörg Stanzel,2007,https://link.springer.com/chapter/10.1007/978-3-540-68038-3_3,Chapter
Synthesis and photocurrent response of porphyrin-containing conjugated polymers,Chinese Science Bulletin,,,,10.1007/s11434-006-1287-x,Zhao JinlingLi BinsongBo Zhishan,2006,https://link.springer.com/article/10.1007/s11434-006-1287-x,Article
Vibrational dynamics of hydrogen bonds,Analysis and Control of Ultrafast Photoinduced Reactions,,,,10.1007/978-3-540-68038-3_7,Erik T.J. NibberingJens DreyerOliver KühnJens BredenbeckPeter HammThomas Elsaesser,2007,https://link.springer.com/chapter/10.1007/978-3-540-68038-3_7,Chapter
Mars: The Little Planet that Could,Introduction to Planetary Science,,,,10.1007/978-1-4020-5544-7_12,Gunter FaureTeresa M. Mensing,2007,https://link.springer.com/chapter/10.1007/978-1-4020-5544-7_12,Chapter
Awards and prizes,Herald of the Russian Academy of Sciences,,,,10.1134/S1019331606020183,,2006,https://link.springer.com/article/10.1134/S1019331606020183,Article
Evolution of Design of Machines,The Machines of Leonardo da Vinci and Franz Reuleaux,,,,10.1007/978-1-4020-5599-7_2,Francis C. Moon,2007,https://link.springer.com/chapter/10.1007/978-1-4020-5599-7_2,Chapter
Transverse electron transport in layered metallic systems: Giant magnetoresistance and injection of spins,Journal of Experimental and Theoretical Physics,,,,10.1134/S1063776106050165,V. Ya. Kravchenko,2006,https://link.springer.com/article/10.1134/S1063776106050165,Article
Factors Affecting Accuracy of Ventricular Volume and Ejection Fraction Measured by Gated Tl-201 Myocardial Perfusion Single Photon Emission Computed Tomography,The International Journal of Cardiovascular Imaging,,,,10.1007/s10554-006-9098-3,Moonsun PaiYou-Jung YangKi Chun ImIl Ki HongSung Cheol YunDuk-Hyun KangJae-Kwan SongDae Hyuk Moon,2006,https://link.springer.com/article/10.1007/s10554-006-9098-3,Article
From normal to pathological hemostasis,Canadian Journal of Anesthesia,,,,10.1007/BF03022247,Dominique LasneBrigitte JudeSophie Susen,2006,https://link.springer.com/article/10.1007/BF03022247,Article
Continuous spin-reorientation phase transition in the surface region of an inhomogeneous magnetic film,Journal of Experimental and Theoretical Physics,,,,10.1134/1.2149063,A. V. AnisimovA. P. Popov,2005,https://link.springer.com/article/10.1134/1.2149063,Article
Femtosecond optical investigation of electron–lattice interactions in an ensemble and a single metal nanoparticle,Applied Physics B,,,,10.1007/s00340-006-2257-3,N. Del FattiA. ArbouetF. Vallée,2006,https://link.springer.com/article/10.1007/s00340-006-2257-3,Article
Analysis of the coarsening of solid dispersed systems,Physics of the Solid State,,,,10.1134/S1063783406020119,V. I. PsarevL. A. Parkhomenko,2006,https://link.springer.com/article/10.1134/S1063783406020119,Article
"A
view and a review of melting of alkali metal halide crystals",Journal of Thermal Analysis and Calorimetry,,,,10.1007/s10973-005-7399-8,A. K. Galwey,2006,https://link.springer.com/article/10.1007/s10973-005-7399-8,Article
Recycling,Magnesium Technology,,,,10.1007/3-540-30812-1_9,Håkon Westengen,2006,https://link.springer.com/chapter/10.1007/3-540-30812-1_9,Chapter
Correlation between Model Test Devices and Full Bearing Tests under Grease Lubricated Conditions,IUTAM Symposium on Elastohydrodynamics and Micro-elastohydrodynamics,,,,10.1007/1-4020-4533-6_16,H. BalyG. PollP. M. CannA. A. Lubrecht,2006,https://link.springer.com/chapter/10.1007/1-4020-4533-6_16,Conference paper
Self-similar evolution of the surface morphology of a stressed amorphous alloy foil,Journal of Experimental and Theoretical Physics,,,,10.1134/1.2103214,N. N. GorobeiA. S. Luk’yanenkoA. E. Chmel,2005,https://link.springer.com/article/10.1134/1.2103214,Article
Behavior of magnetic and magnetoresistive properties of nanocrystalline Co/Cu/Co films during step-by-step annealing,The Physics of Metals and Metallography,,,,10.1134/S0031918X06010030,A. S. SamardakL. A. Chebotkevich,2006,https://link.springer.com/article/10.1134/S0031918X06010030,Article
A density matrix renormalization group study of low-lying excitations of polythiophene within a Pariser-Parr-Pople model,Journal of Chemical Sciences,,,,10.1007/BF02708767,Mosumi DasS. Ramasesha,2006,https://link.springer.com/article/10.1007/BF02708767,Article
Wet chemical deposition of multifunctional conducting coatings made with a nanocomposite suspension,Surface Coatings International Part B: Coatings Transactions,,,,10.1007/BF02699581,N. Al-DahoudiM. A. Aegerter,2005,https://link.springer.com/article/10.1007/BF02699581,Article
PS 0036-0344,Intensive Care Medicine,,,,10.1007/s00134-007-0820-y,,2007,https://link.springer.com/article/10.1007/s00134-007-0820-y,Article
Single Impurity Scattering,Green’s Functions in Quantum Physics,,,,10.1007/3-540-28841-4_6,,2006,https://link.springer.com/chapter/10.1007/3-540-28841-4_6,Chapter
"Interstellar-Terrestrial Relations: Variable Cosmic Environments, The Dynamic Heliosphere, and Their Imprints on Terrestrial Archives and Climate",Space Science Reviews,,,,10.1007/s11214-006-9126-6,K. SchererH. FichtnerT. BorrmannJ. BeerL. DesorgherE. FlükigerH.-J. FahrS. E. S. FerreiraU. W. LangnerM. S. PotgieterB. HeberJ. MasarikN. ShavivJ. Veizer,2006,https://link.springer.com/article/10.1007/s11214-006-9126-6,Article
"Chemical differentiation of the Galilean satellites of Jupiter: 4. Isochemical models for the compositions of Io, Europa, and Ganymede",Geochemistry International,,,,10.1134/S0016702906060012,V. A. KronrodO. L. Kuskov,2006,https://link.springer.com/article/10.1134/S0016702906060012,Article
Heat Transfer in Fast Linear Annealing for Direct Bonding of SOI Wafer Pairs,International Journal of Thermophysics,,,,10.1007/s10765-006-0028-3,Youngcheol JooOh-Sung Song,2006,https://link.springer.com/article/10.1007/s10765-006-0028-3,Article
Decision Procedures Customized for Formal Verification,Automated Deduction – CADE-20,,,,10.1007/11532231_19,Randal E. BryantSanjit A. Seshia,2005,https://link.springer.com/chapter/10.1007/11532231_19,Conference paper
Photonuclear data and modern physics of giant resonances,Physics of Atomic Nuclei,,,,10.1134/S1063778806030057,S. P. KamerdzhievS. F. Kovalev,2006,https://link.springer.com/article/10.1134/S1063778806030057,Article
"Interference of Bose-Einstein condensates and entangled single-atom
state in a spin-dependent optical lattice","The European Physical Journal D - Atomic, Molecular, Optical and Plasma Physics",,,,10.1140/epjd/e2005-00081-1,L. H. WenM. LiuH. W. XiongM. S. Zhan,2005,https://link.springer.com/article/10.1140/epjd/e2005-00081-1,Article
"Velocity, Vorticity, and Mach Number",Springer Handbook of Experimental Fluid Mechanics,,,,10.1007/978-3-540-30299-5_5,Beverley McKeonGeneviève Comte-BellotJohn FossJerry WesterweelFulvio ScaranoCameron TropeaJames MeyersJoseph LeeAngelo CavoneRichard SchodlManoochehr KoochesfahaniYiannis AndreopoulosWerner DahmJohn MullinJames WallacePetar VukoslavčevićScott MorrisEric PardyjakAlvaro Cuerva,2007,https://link.springer.com/rwe/10.1007/978-3-540-30299-5_5,Reference work entry
“Isn’t the Avant-garde Always Pedagogical”: Experimental Poetics and/as Pedagogy,Poetry & Pedagogy,,,,10.1007/978-1-137-11449-5_2,Alan Golding,2006,https://link.springer.com/chapter/10.1007/978-1-137-11449-5_2,Chapter
Mössbauer effect in f.c.c. Fe-Ni-C alloys after the ultrasonic impact surface treatment,Czechoslovak Journal of Physics,,,,10.1007/s10582-005-0085-z,V. M. NadutovD. V. SemenovYe. O. SvystunovG. I. Kuzmich,2005,https://link.springer.com/article/10.1007/s10582-005-0085-z,Article
Summary and Discussion,Why Managers and Companies Take Risks,,,,10.1007/3-7908-1696-5_9,,2006,https://link.springer.com/chapter/10.1007/3-7908-1696-5_9,Chapter
Accessible Flash,Web Accessibility,,,,10.1007/978-1-4302-0188-5_11,Bob ReganAndrew Kirkpatrick,2006,https://link.springer.com/chapter/10.1007/978-1-4302-0188-5_11,Chapter
Advanced Processing of Gallium Nitride for Electronic Devices,"Gallium Nitride Processing for Electronics, Sensors and Spintronics",,,,10.1007/1-84628-359-0_1,,2006,https://link.springer.com/chapter/10.1007/1-84628-359-0_1,Chapter
Material Functionalization of Cellulose and Related Polysaccharides via Diverse Microcompositions,Polysaccharides II,,,,10.1007/12_095,Yoshiyuki Nishio,2006,https://link.springer.com/chapter/10.1007/12_095,Chapter
The Strength of AISI 304L Rolled Sheet Steel with Thickness up to 25 mm,Chemical and Petroleum Engineering,,,,10.1007/s10556-005-0104-8,G. A. Stepanov,2005,https://link.springer.com/article/10.1007/s10556-005-0104-8,Article
Structure-Property Relations in Barium Borate Glasses from Raman Scattering Data,Glass Physics and Chemistry,,,,10.1007/s10720-005-0120-y,T. S. MarkovaO. V. YanushI. G. PolyakovaB. Z. PevznerV. P. Klyuev,2005,https://link.springer.com/article/10.1007/s10720-005-0120-y,Article
EPR Study of Covalent Bond in Transition Metal Complexes,Russian Journal of Coordination Chemistry,,,,10.1007/s11173-005-0144-9,V. I. Murav'ev,2005,https://link.springer.com/article/10.1007/s11173-005-0144-9,Article
The physical role of gravitational and gauge degrees of freedom in general relativity – II: Dirac versus Bergmann observables and the objectivity of space-time,General Relativity and Gravitation,,,,10.1007/s10714-005-0218-5,Luca LusannaMassimo Pauri,2006,https://link.springer.com/article/10.1007/s10714-005-0218-5,Article
Back-End Interaction with Ajax,Beginning JavaScript with DOM Scripting and Ajax,,,,10.1007/978-1-4302-0184-7_8,,2006,https://link.springer.com/chapter/10.1007/978-1-4302-0184-7_8,Chapter
Methods of Nanoparticle Synthesis in Microheterogeneous Systems,Controlled Synthesis of Nanoparticles in Microheterogeneous Systems,,,,10.1007/0-387-26429-9_4,,2006,https://link.springer.com/chapter/10.1007/0-387-26429-9_4,Chapter
"
Microscopic theory of optical excitations, photoluminescence, and
terahertz response in
semiconductors","The European Physical Journal D - Atomic, Molecular, Optical and Plasma Physics",,,,10.1140/epjd/e2005-00217-3,M. KiraS. W. Koch,2005,https://link.springer.com/article/10.1140/epjd/e2005-00217-3,Article
Modeling of Adsorption in Finite Cylindrical Pores by Means of Density Functional Theory,Adsorption,,,,10.1007/s10450-005-5606-3,E. A. UstinovD. D. Do,2005,https://link.springer.com/article/10.1007/s10450-005-5606-3,Article
On the mechanism of formation of fullerenes and carbon nanotubes,Technical Physics Letters,,,,10.1134/1.1920383,M. V. Krasin’kovaA. P. Paugurt,2005,https://link.springer.com/article/10.1134/1.1920383,Article
Central peak in the pseudogap of high T<sub>  c</sub> superconductors,The European Physical Journal B - Condensed Matter and Complex Systems,,,,10.1140/epjb/e2005-00244-x,D. K. SunkoS. Barišić,2005,https://link.springer.com/article/10.1140/epjb/e2005-00244-x,Article
Structure and Mechanical Properties of Reduced-Activation Heat-Resistant Reactor Steel,Metal Science and Heat Treatment,,,,10.1007/s11041-005-0073-8,V. V. RybinI. P. KursevichE. V. NesterovaM. S. Mikhailov,2005,https://link.springer.com/article/10.1007/s11041-005-0073-8,Article
Modelling Mobility Aspects of Security Policies,"Construction and Analysis of Safe, Secure, and Interoperable Smart Devices",,,,10.1007/978-3-540-30569-9_9,Pieter HartelPascal van EckSandro EtalleRoel Wieringa,2005,https://link.springer.com/chapter/10.1007/978-3-540-30569-9_9,Conference paper
H-NMR Relaxometry to Monitor Wetting and Swelling Kinetics in High-organic Matter Soils,Plant and Soil,,,,10.1007/s11104-005-1708-7,Gabriele E. SchaumannEleanor HobleyJulia HurraßWolfgang Rotard,2005,https://link.springer.com/article/10.1007/s11104-005-1708-7,Article
Pathways of Peptide Ion Fragmentation Induced by Vacuum Ultraviolet Light,Journal of the American Society for Mass Spectrometry,,,,10.1016/j.jasms.2005.03.050,Weidong CuiMatthew S. ThompsonJames P. Reilly,2005,https://link.springer.com/article/10.1016/j.jasms.2005.03.050,Article
Macromolecule mediated bioinspired silica synthesis using a diol-modified silane precursor,Silicon Chemistry,,,,10.1007/s11201-005-3416-9,Siddharth V. PatwardhanChristina RaabNicola HüsingStephen J. Clarson,2005,https://link.springer.com/article/10.1007/s11201-005-3416-9,Article
Targeting Firm Births and Economic Regeneration in a Lagging Region,Small Business Economics,,,,10.1007/s11187-005-6454-y,Peter Johnson,2005,https://link.springer.com/article/10.1007/s11187-005-6454-y,Article
"Solutal configuration during coupled two-phase [α (Al) + θ-Al<sub>2</sub>Cu] planar univariant eutetic growth in Al-Cu-(Ag, Si) ternary eutetic alloys",Microgravity - Science and Technology,,,,10.1007/BF02945943,J. De WildeL. Froyen,2005,https://link.springer.com/article/10.1007/BF02945943,Article
The influence of vacuum annealing temperature on the fundamental absorption edge and structural relaxation of <i>a</i>-SiC:H films,Semiconductors,,,,10.1134/1.1923567,A. V. VasinA. V. RusavskyV. S. LysenkoA. N. NazarovV. I. KushnirenkoS. P. StarikV. G. Stepanov,2005,https://link.springer.com/article/10.1134/1.1923567,Article
The Natural Language of Random Processes,Explorations in Mathematical Physics,,,,10.1007/978-0-387-32793-8_3,,2006,https://link.springer.com/chapter/10.1007/978-0-387-32793-8_3,Chapter
Theory of light emission in sonoluminescence based upon&#xa0;transitions&#xa0;in&#xa0;confined atoms,"The European Physical Journal D - Atomic, Molecular, Optical and Plasma Physics",,,,10.1140/epjd/e2005-00052-6,L. FortunatoA. Torrielli,2005,https://link.springer.com/article/10.1140/epjd/e2005-00052-6,Article
Diffusion mobility of iron in hot-pressed technical-grade beryllium,Atomic Energy,,,,10.1007/s10512-005-0184-8,V. P. GladkovV. I. PetrovI. M. Rumyantsev,2005,https://link.springer.com/article/10.1007/s10512-005-0184-8,Article
"Time-dependent transport properties in quantum well with thin inserted
layer",The European Physical Journal B - Condensed Matter and Complex Systems,,,,10.1140/epjb/e2005-00171-x,Zhenhong DaiJun Ni,2005,https://link.springer.com/article/10.1140/epjb/e2005-00171-x,Article
Threat Model for Grid Security Services,Advances in Grid Computing - EGC 2005,,,,10.1007/11508380_107,Syed NaqviMichel Riguidel,2005,https://link.springer.com/chapter/10.1007/11508380_107,Conference paper
Strain gauges of GaSbFeGa<sub>1.3</sub> eutectic composites,Applied Physics A,,,,10.1007/s00339-004-2870-0,M.I. AliyevA.A. KhalilovaD.H. AraslyR.N. RahimovM. TanogluL. Ozyuzer,2004,https://link.springer.com/article/10.1007/s00339-004-2870-0,Article
Charged Representations of the Infinite Fermi and Clifford Algebras,Letters in Mathematical Physics,,,,10.1007/s11005-005-3455-3,E. GalinaA. KaplanL. Saal,2005,https://link.springer.com/article/10.1007/s11005-005-3455-3,Article
The ISPS Code and The Cost of Port Compliance: An Initial Logistics and Supply Chain Framework for Port Security Assessment and Management,Maritime Economics & Logistics,,,,10.1057/palgrave.mel.9100116,Khalid Bichou,2004,https://link.springer.com/article/10.1057/palgrave.mel.9100116,Article
Gold and silver in Cu-Zn massive sulphide deposits of the Urals,Mineral Deposit Research: Meeting the Global Challenge,,,,10.1007/3-540-27946-6_180,I. V. Vikentyev,2005,https://link.springer.com/chapter/10.1007/3-540-27946-6_180,Conference paper
Seven-Coordinate Cation [Zr(DMSO)<sub>4</sub> ClF<sub>2</sub>] + and the Isomerism of the Octahedral Adducts [Zr(DMSO)<sub>2</sub> F<sub>n</sub> Cl<sub>4-n</sub> ]: The Composition of the Coordination Sphere and the Coordination Number of Zirconium(IV),Doklady Chemistry,,,,10.1007/PL00021840,E. G. Il’inG. B. NikiforovG. G. Aleksandrov,2005,https://link.springer.com/article/10.1007/PL00021840,Article
Along the trail from Fraction I protein to Rubisco (ribulose bisphosphate carboxylase-oxygenase),Discoveries in Photosynthesis,,,,10.1007/1-4020-3324-9_74,Sam G. Wildman,2005,https://link.springer.com/chapter/10.1007/1-4020-3324-9_74,Chapter
Towards a Coherent Treatment of the Self-Consistency and the Environment-Dependency in a Semi-Empirical Hamiltonian for Materials Simulation,Handbook of Materials Modeling,,,,10.1007/978-1-4020-3286-8_181,S. Y. WuC. S. JayanthiC. LeahyM. Yu,2005,https://link.springer.com/chapter/10.1007/978-1-4020-3286-8_181,Chapter
Diffusion Barriers in Semiconductor Devices/Circuits,Diffusion Processes in Advanced Technological Materials,,,,10.1007/978-3-540-27470-4_5,Shyam P. Murarka,2005,https://link.springer.com/chapter/10.1007/978-3-540-27470-4_5,Chapter
αSPIN: A tool for abstract model checking,International Journal on Software Tools for Technology Transfer,,,,10.1007/s10009-003-0122-9,María del Mar GallardoJesús MartínezPedro MerinoErnesto Pimentel,2004,https://link.springer.com/article/10.1007/s10009-003-0122-9,Article
Radiology of the Heart,Essential Cardiology,,,,10.1007/978-1-59259-918-9_11,Gautham P. ReddyRobert M. Steiner,2005,https://link.springer.com/chapter/10.1007/978-1-59259-918-9_11,Chapter
Creep failure model of a tempered martensitic stainless steel integrating multiple deformation and damage mechanisms,International Journal of Fracture,,,,10.1007/s10704-005-2528-8,V. GaffardJ. BessonA. F. Gourgues-Lorenzon,2005,https://link.springer.com/article/10.1007/s10704-005-2528-8,Article
Cardiac MRI Physics,Clinical Cardiac MRI,,,,10.1007/3-540-26997-5_1,Steven DymarkowskiHilde Bosmans,2005,https://link.springer.com/chapter/10.1007/3-540-26997-5_1,Chapter
Integrating Formal Verification with Murφ of Distributed Cache Coherence Protocols in FAME Multiprocessor System Design,Formal Techniques for Networked and Distributed Systems – FORTE 2004,,,,10.1007/978-3-540-30232-2_16,Ghassan Chehaibar,2004,https://link.springer.com/chapter/10.1007/978-3-540-30232-2_16,Conference paper
Myocardial Perfusion,Clinical Cardiac MRI,,,,10.1007/3-540-26997-5_7,Nidal Al-SaadiJan Bogaert,2005,https://link.springer.com/chapter/10.1007/3-540-26997-5_7,Chapter
Political Exchange and Party Organisation,Modernising the Labour Party,,,,10.1057/9780230504912_2,Thomas Quinn,2005,https://link.springer.com/chapter/10.1057/9780230504912_2,Chapter
Imaging Angiogenesis,Angiogenesis and Direct Myocardial Revascularization,,,,10.1007/978-1-59259-934-9_6,Justin D. Pearlman,2005,https://link.springer.com/chapter/10.1007/978-1-59259-934-9_6,Chapter
Deutsch — Englisch,Wörterbuch Labor,,,,10.1007/3-540-26216-4_1,,2005,https://link.springer.com/chapter/10.1007/3-540-26216-4_1,Chapter
Distributed Network Systems: Current Development,Distributed Network Systems,,,,10.1007/0-387-23840-9_15,,2005,https://link.springer.com/chapter/10.1007/0-387-23840-9_15,Chapter
Surface exposure of phosphatidylserine in pathological cells,Cellular and Molecular Life Sciences CMLS,,,,10.1007/s00018-005-4527-3,R. F. A. ZwaalP. ComfuriusE. M. Bevers,2005,https://link.springer.com/article/10.1007/s00018-005-4527-3,Article
Approximating Anatomical Brain Connectivity with Diffusion Tensor MRI Using Kernel-Based Diffusion Simulations,Information Processing in Medical Imaging,,,,10.1007/11505730_6,Jun ZhangNing KangStephen E. Rose,2005,https://link.springer.com/chapter/10.1007/11505730_6,Conference paper
Assessment of Subconjunctival Delivery with Model Ionic Permeants and Magnetic Resonance Imaging,Pharmaceutical Research,,,,10.1007/s11095-004-7669-3,S. Kevin LiSarah A. MolokhiaEun-Kee Jeong,2004,https://link.springer.com/article/10.1007/s11095-004-7669-3,Article
Dilatometric analysis on phase transformations of intercritical annealing of Fe−Mn−Si and Fe−Mn−Si−Cu low carbon TRIP steels,Metals and Materials International,,,,10.1007/BF03027339,Chang-Seok OhHeung Nam HanChang Gil LeeTae-Ho LeeSung-Joon Kim,2004,https://link.springer.com/article/10.1007/BF03027339,Article
"Heat- and wear-resistant composite materials and coatings based on AIN-TiB<sub>2</sub>
",Refractories and Industrial Ceramics,,,,10.1007/s11148-005-0015-4,O. N. Grigor’evI. A. PodchernyaevaA. D. PanasyukV. V. Varyukhno,2004,https://link.springer.com/article/10.1007/s11148-005-0015-4,Article
Spin-1/2 Maxwell Fields,Foundations of Physics,,,,10.1023/B:FOOP.0000022188.90097.10,Rollin S. Armour Jr.,2004,https://link.springer.com/article/10.1023/B:FOOP.0000022188.90097.10,Article
Comments on process of duplex coatings on aluminum alloys,Journal of Central South University of Technology,,,,10.1007/s11771-004-0049-7,Samir H. A.Qian Han-chengXia Bo-caiWu Shi-ming,2004,https://link.springer.com/article/10.1007/s11771-004-0049-7,Article
Designing TCR for Cancer Immunotherapy,Adoptive Immunotherapy: Methods and Protocols,,,,10.1385/1-59259-862-5:229,Ralf-Holger VossJürgen KuballMatthias Theobald,2005,https://link.springer.com/chapter/10.1385/1-59259-862-5:229,Protocol
Lutetium complexes with tetraphenylethylene dianion. Synthesis and structure,Russian Chemical Bulletin,,,,10.1007/s11172-005-0089-7,D. M. RoitershteinM. E. MinyaevK. A. LyssenkoP. A. BelyakovM. Yu. Antipin,2004,https://link.springer.com/article/10.1007/s11172-005-0089-7,Article
Monopolar optical orientation of electron spins in bulk semiconductors and heterostructures,Journal of Experimental and Theoretical Physics,,,,10.1134/1.1800195,E. L. IvchenkoS. A. Tarasenko,2004,https://link.springer.com/article/10.1134/1.1800195,Article
Structure and electronic properties of antimony films on the Mo(110) surface,Physics of the Solid State,,,,10.1134/1.1809436,D. A. GorodetskyYu. P. Mel’nikD. P. ProskurinV. A. Usenko,2004,https://link.springer.com/article/10.1134/1.1809436,Article
Laser Cooling and Trapping of Neutral Atoms to Ultralow Temperatures,Frontiers of Optical Spectroscopy,,,,10.1007/1-4020-2751-6_12,Kristian Helmerson,2005,https://link.springer.com/chapter/10.1007/1-4020-2751-6_12,Conference paper
Density Profiles of an Electrochromically Colored Material and Percolation in Glasses and Films,Glass Physics and Chemistry,,,,10.1023/B:GPAC.0000045918.27271.c1,S. L. KraevskiiV. F. Solinov,2004,https://link.springer.com/article/10.1023/B:GPAC.0000045918.27271.c1,Article
WTO Dispute Settlement in Action: An Economic Analysis of Four EU-US Mini Trade Wars,WTO and World Trade,,,,10.1007/3-7908-1630-2_25,Fritz Breuss,2005,https://link.springer.com/chapter/10.1007/3-7908-1630-2_25,Chapter
Wednesday posters,Journal of the American Society for Mass Spectrometry,,,,10.1016/j.jasms.2005.03.046,,2005,https://link.springer.com/article/10.1016/j.jasms.2005.03.046,Article
Criticality of Ionic Liquids in Solution,Ionic Soft Matter: Modern Trends in Theory and Applications,,,,10.1007/1-4020-3659-0_6,W. Schröer,2005,https://link.springer.com/chapter/10.1007/1-4020-3659-0_6,Conference paper
Formal Verification of a Complex Pipelined Processor,Formal Methods in System Design,,,,10.1023/A:1024716316140,Ravi HosabettuGanesh GopalakrishnanMandayam Srivas,2003,https://link.springer.com/article/10.1023/A:1024716316140,Article
From margins to mainstream,The Inclusive Society?,,,,10.1057/9780230511552_11,Ruth Levitas,2005,https://link.springer.com/chapter/10.1057/9780230511552_11,Chapter
Orbit and Ground Track of a Satellite,Satellites,,,,10.1007/2-287-27469-3_5,,2005,https://link.springer.com/chapter/10.1007/2-287-27469-3_5,Chapter
A behavioral analysis and verification approach to pattern-based design composition,Software and Systems Modeling,,,,10.1007/s10270-004-0056-z,Jing DongPaulo S.C. AlencarDonald D. Cowan,2004,https://link.springer.com/article/10.1007/s10270-004-0056-z,Article
Effect of saturation parameters on the interaction of titanium alloys with carbon-nitrogen-containing media,Materials Science,,,,10.1007/s11003-005-0047-4,O. I. Yas’kivI. M. PohrelyukV. M. FedirkoI. V. Dyuh,2004,https://link.springer.com/article/10.1007/s11003-005-0047-4,Article
Effect of saturation parameters on the interaction of titanium alloys with carbon-nitrogen-containing media,Materials Science,,,,10.1007/PL00022003,O. I. Yas’kivI. M. PohrelyukV. M. FedirkoI. V. Dyuh,2004,https://link.springer.com/article/10.1007/PL00022003,Article
A Clash of Two Cultures: Presidio La Bahía on the Texas Coast as a Deterrent to French Incursion,Historical Archaeology,,,,10.1007/BF03376655,James E. BrusethJeffrey J. DurstTiffany OsburnKathleen GilmoreKay HindesNancy ReeseBarbara MeissnerMike Davis,2004,https://link.springer.com/article/10.1007/BF03376655,Article
Dynamic Intramolecular Rearrangements with Proton Transfer in Methanimine Oxide,Russian Journal of Organic Chemistry,,,,10.1023/B:RUJO.0000044547.70022.ee,R. M. AminovaE. A. Ermakova,2004,https://link.springer.com/article/10.1023/B:RUJO.0000044547.70022.ee,Article
Resorcinol Based Polymers,Resorcinol,,,,10.1007/3-540-28090-1_7,,2005,https://link.springer.com/chapter/10.1007/3-540-28090-1_7,Chapter
Faceted solidification morphologies in low-growth-rate Al-Si eutectics,JOM,,,,10.1007/s11837-004-0067-9,R. E. NapolitanoH. MecoC. Jung,2004,https://link.springer.com/article/10.1007/s11837-004-0067-9,Article
"Abstracts for Oral Presentations, Introduction to Cardiac MR/CT Imaging - Clinical Aspects",The International Journal of Cardiovascular Imaging,,,,10.1023/B:CAIM.0000043316.10580.db,,2004,https://link.springer.com/article/10.1023/B:CAIM.0000043316.10580.db,Article
Using Fairness to Make Abstractions Work,Model Checking Software,,,,10.1007/978-3-540-24732-6_15,Dragan BošnačkiNatalia IoustinovaNatalia Sidorova,2004,https://link.springer.com/chapter/10.1007/978-3-540-24732-6_15,Conference paper
"Serum Iron Concentrations, Lipid Peroxidation and Superoxide Dismutase Activity in Turkish Iron Miners",Environmental Geochemistry and Health,,,,10.1023/B:EGAH.0000020894.69685.62,Ferah ArmutcuAhmet GurelAhmet Aker,2004,https://link.springer.com/article/10.1023/B:EGAH.0000020894.69685.62,Article
"
Regional Differences in the Carbon Source-Sink Potential of Natural Vegetation in the U.S.A.
",Environmental Management,,,,10.1007/s00267-003-9115-4,Dominique BacheletRonald P. NeilsonJames M. LenihanRaymond J. Drapek,2004,https://link.springer.com/article/10.1007/s00267-003-9115-4,Article
A Finite Element Model for Rutherford Cable in Superconductive Magnets,Scientific Computing in Electrical Engineering,,,,10.1007/978-3-642-55872-6_17,Herbert De GersemThomas Weiland,2004,https://link.springer.com/chapter/10.1007/978-3-642-55872-6_17,Conference paper
Al-Be-Cu (Aluminium - Beryllium - Copper),Light Metal Systems. Part 1,,,,10.1007/10915943_11,,2004,https://link.springer.com/chapter/10.1007/10915943_11,Chapter
Al-Cr-Ni (Aluminium - Chromium - Nickel),Light Metal Systems. Part 1,,,,10.1007/10915943_33,,2004,https://link.springer.com/chapter/10.1007/10915943_33,Chapter
Al-Cr-Fe (Aluminium - Chromium - Iron),Light Metal Systems. Part 1,,,,10.1007/10915943_30,,2004,https://link.springer.com/chapter/10.1007/10915943_30,Chapter
Al-Co-Fe (Aluminium - Cobalt - Iron),Light Metal Systems. Part 1,,,,10.1007/10915943_22,,2004,https://link.springer.com/chapter/10.1007/10915943_22,Chapter
Dual Role of Superoxide Radicals in the Chilling-Induced photoinhibition in Maize Seedlings,Photosynthetica,,,,10.1023/B:PHOT.0000040583.78295.f7,D. KeG. SunY. Jiang,2004,https://link.springer.com/article/10.1023/B:PHOT.0000040583.78295.f7,Article
Al-Cr-Nb (Aluminium - Chromium - Niobium),Light Metal Systems. Part 1,,,,10.1007/10915943_32,,2004,https://link.springer.com/chapter/10.1007/10915943_32,Chapter
Ag-Al-Mg (Silver - Aluminium - Magnesium),Light Metal Systems. Part 1,,,,10.1007/10915943_3,,2004,https://link.springer.com/chapter/10.1007/10915943_3,Chapter
Al-B-N (Aluminium - Boron - Nitrogen),Light Metal Systems. Part 1,,,,10.1007/10915943_8,,2004,https://link.springer.com/chapter/10.1007/10915943_8,Chapter
Al-Co-Mn (Aluminium - Cobalt - Manganese),Light Metal Systems. Part 1,,,,10.1007/10915943_25,,2004,https://link.springer.com/chapter/10.1007/10915943_25,Chapter
Al-Cr-Cu (Aluminium - Chromium - Copper),Light Metal Systems. Part 1,,,,10.1007/10915943_29,,2004,https://link.springer.com/chapter/10.1007/10915943_29,Chapter
Al-Cd-Mg (Aluminium - Cadmium - Magnesium),Light Metal Systems. Part 1,,,,10.1007/10915943_18,,2004,https://link.springer.com/chapter/10.1007/10915943_18,Chapter
A survey of life sciences applications on the grid,New Generation Computing,,,,10.1007/BF03040950,Arun Krishnan,2004,https://link.springer.com/article/10.1007/BF03040950,Article
Ag-Al-Cu (Silver - Aluminium - Copper),Light Metal Systems. Part 1,,,,10.1007/10915943_2,,2004,https://link.springer.com/chapter/10.1007/10915943_2,Chapter
Dynamic Verification of Cache Coherence Protocols,High Performance Memory Systems,,,,10.1007/978-1-4419-8987-1_3,Jason F. CantinMikko H. LipastiJames E. Smith,2004,https://link.springer.com/chapter/10.1007/978-1-4419-8987-1_3,Chapter
Al-B-C (Aluminium - Boron - Carbon),Light Metal Systems. Part 1,,,,10.1007/10915943_6,,2004,https://link.springer.com/chapter/10.1007/10915943_6,Chapter
Al-B-Mg (Aluminium - Boron - Magnesium),Light Metal Systems. Part 1,,,,10.1007/10915943_7,,2004,https://link.springer.com/chapter/10.1007/10915943_7,Chapter
Al-Cu-Er (Aluminium - Copper - Erbium),Light Metal Systems. Part 1,,,,10.1007/10915943_37,,2004,https://link.springer.com/chapter/10.1007/10915943_37,Chapter
Small-world network effect in competing Glauber- and Kawasaki-type dynamics,The European Physical Journal B - Condensed Matter and Complex Systems,,,,10.1140/epjb/e2004-00010-8,J.-Y. ZhuW. LiuH. Zhu,2003,https://link.springer.com/article/10.1140/epjb/e2004-00010-8,Article
Changes in local magnetic fields on <sup>57</sup>Fe nuclei in BaFe<sub>12</sub>O<sub>19</sub> with temperature variations,Physics of the Solid State,,,,10.1134/1.1626754,A. A. BezlepkinS. P. Kuntsevich,2003,https://link.springer.com/article/10.1134/1.1626754,Article
Assessment of myocardial ischemia and viability using cardiac magnetic resonance,Current Cardiology Reports,,,,10.1007/s11886-004-0066-z,Javier SanzTeresa RiusPaola KuschnirRafael Salguero BodesMichael Poon,2004,https://link.springer.com/article/10.1007/s11886-004-0066-z,Article
Size Effects In Ferroelectric Film Capacitors: Role of The Film Thickness and Capacitor Size,Nanoscale Phenomena in Ferroelectric Thin Films,,,,10.1007/978-1-4419-9044-0_2,Igor Stolichnov,2004,https://link.springer.com/chapter/10.1007/978-1-4419-9044-0_2,Chapter
"Lakebed Pockmarks in Burlington Bay, Lake Champlain: I. Hydrodynamics and Implications of Origin",Lake Champlain: Partnerships and Research in the New Millennium,,,,10.1007/978-1-4757-4080-6_17,Patricia L. ManleyT. O. ManleyMary C. WatzinJosh Gutierrez,2004,https://link.springer.com/chapter/10.1007/978-1-4757-4080-6_17,Conference paper
Lipid phase behavior and stabilization of domains in membranes of platelets,Cell Biochemistry and Biophysics,,,,10.1385/CBB:40:2:123,Chad LeidyKarine GoussetJosette RickerWillem F. WolkersNelly M. TsvetkovaFern TablinJohn H. Crowe,2004,https://link.springer.com/article/10.1385/CBB:40:2:123,Article
The Alchemy of Intelligent IT (iIT): A Blueprint for Future Information Technology,Intelligent Technologies for Information Analysis,,,,10.1007/978-3-662-07952-2_1,Ning ZhongJiming Liu,2004,https://link.springer.com/chapter/10.1007/978-3-662-07952-2_1,Chapter
Displaying Data on a Page,Beginning ASP.NET 1.1 Databases: From Novice to Professional,,,,10.1007/978-1-4302-0742-9_7,Damien FoggonDaniel Maharry,2004,https://link.springer.com/chapter/10.1007/978-1-4302-0742-9_7,Chapter
A rotating collapsar and possible interpretation of the LSD neutrino signal from SN 1987A,Astronomy Letters,,,,10.1134/1.1647473,V. S. ImshennikO. G. Ryazhskaya,2004,https://link.springer.com/article/10.1134/1.1647473,Article
Membrane Receptor Mapping: The Membrane Topography of FcεRI Signaling,Membrane Dynamics and Domains,,,,10.1007/978-1-4757-5806-1_1,Janet M. OliverJanet R. PfeifferZurab SurviladzeStanly L. SteinbergKarin LeidermanMargaret L. SandersCarla WofsyJun ZhangHong You FanNicholas AndrewsScott BungeTimothy J. BoylePaul KotulaBridget S. Wilson,2004,https://link.springer.com/chapter/10.1007/978-1-4757-5806-1_1,Chapter
Dopants,"Intrinsic Point Defects, Impurities, and Their Diffusion in Silicon",,,,10.1007/978-3-7091-0597-9_5,Peter Pichler,2004,https://link.springer.com/chapter/10.1007/978-3-7091-0597-9_5,Chapter
Intellect: China’s Complex Pluralism,T’ang China,,,,10.1057/9780230005518_5,S. A. M. Adshead,2004,https://link.springer.com/chapter/10.1057/9780230005518_5,Chapter
Tectonics and the Rotation of the Earth and Terrestrial Planets,Global Dynamics of the Earth,,,,10.1007/978-94-017-1709-0_7,Roberto SabadiniBert Vermeersen,2004,https://link.springer.com/chapter/10.1007/978-94-017-1709-0_7,Chapter
Sea Change: Historicizing the Scholarly Study of Black British Writing,Black British Writing,,,,10.1057/9781403981134_3,R. Victoria Arana,2004,https://link.springer.com/chapter/10.1057/9781403981134_3,Chapter
Demystifying generalized parton distributions,The European Physical Journal C - Particles and Fields,,,,10.1140/epjc/s2003-01331-1,A. Freund,2003,https://link.springer.com/article/10.1140/epjc/s2003-01331-1,Article
Spin-selective low temperature spectroscopy on single molecules with a triplet-triplet optical transition: Application to the NV defect center in diamond,Optics and Spectroscopy,,,,10.1134/1.1586735,A. P. NizovtsevS. Ya. KilinF. JelezkoI. PopaA. GruberC. TietzJ. Wrachtrup,2003,https://link.springer.com/article/10.1134/1.1586735,Article
Effect of acidification on spectral parameters of solutions of mixed-ligand cyclometalated Pt(II) and Pd(II) complexes,Optics and Spectroscopy,,,,10.1134/1.1595212,M. V. PuzykYu. A. IvanovK. P. Balashev,2003,https://link.springer.com/article/10.1134/1.1595212,Article
V,StarBriefs Plus,,,,10.1007/978-0-306-48603-6_22,André Heck,2004,https://link.springer.com/chapter/10.1007/978-0-306-48603-6_22,Chapter
Mass transfer in a stress field associated with bending of a bar,Doklady Physics,,,,10.1134/1.1606762,N. M. VlasovI. I. Fedik,2003,https://link.springer.com/article/10.1134/1.1606762,Article
Selective Extraction and Separation of Thorium from Monazite Using N-Phenylbenzo-18-crown-6-hydroxamic Acid,Microchimica Acta,,,,10.1007/s00604-003-0025-1,Yadvendra K. AgrawalShailesh B. Vora,2003,https://link.springer.com/article/10.1007/s00604-003-0025-1,Article
I,StarBriefs Plus,,,,10.1007/978-0-306-48603-6_9,André Heck,2004,https://link.springer.com/chapter/10.1007/978-0-306-48603-6_9,Chapter
Poster Session III,Neuropsychopharmacology,,,,10.1038/sj.npp.1300648,,2004,https://link.springer.com/article/10.1038/sj.npp.1300648,Article
P,StarBriefs Plus,,,,10.1007/978-0-306-48603-6_16,André Heck,2004,https://link.springer.com/chapter/10.1007/978-0-306-48603-6_16,Chapter
Luminescence of water-soluble rh(III) porphyrins,Optics and Spectroscopy,,,,10.1134/1.1595208,V. V. Vasil’evS. M. BorisovI. V. Golovina,2003,https://link.springer.com/article/10.1134/1.1595208,Article
Deploying Your Applications,"Enterprise Development with Visual Studio .NET, UML, and MSF",,,,10.1007/978-1-4302-0696-5_15,John Erik HansenCarsten Thomsen,2004,https://link.springer.com/chapter/10.1007/978-1-4302-0696-5_15,Chapter
U,Wörterbuch Maschinenbau und Tribologie / Dictionary Machine Engineering and Tribology,,,,10.1007/978-3-642-18962-3_21,Fritz Wunsch,2004,https://link.springer.com/chapter/10.1007/978-3-642-18962-3_21,Chapter
Long-distance electron tunneling in proteins,Theoretical Chemistry Accounts,,,,10.1007/s00214-003-0462-2,Alexei A. Stuchebrukhov,2003,https://link.springer.com/article/10.1007/s00214-003-0462-2,Article
Diffusion-Thermal Methods for Recovering Radionuclides from Solid Reactor and Cyclotron Targets: An Outlook,Radiochemistry,,,,10.1023/A:1026246923787,I. E. Alekseev,2003,https://link.springer.com/article/10.1023/A:1026246923787,Article
Mirror nesting of the Fermi contour and zero line of the superconducting order parameter,Journal of Experimental and Theoretical Physics,,,,10.1134/1.1633960,V. I. BelyavskyYu. V. KopaevV. M. SofronovS. V. Shevtsov,2003,https://link.springer.com/article/10.1134/1.1633960,Article
E,StarBriefs Plus,,,,10.1007/978-0-306-48603-6_5,André Heck,2004,https://link.springer.com/chapter/10.1007/978-0-306-48603-6_5,Chapter
X-ray photoelectron spectroscopy and X-ray electron-microprobe analysis of single crystals based on bismuth telluride,Semiconductors,,,,10.1134/1.1582527,I. V. GasenkovaV. A. ChubarenkoE. A. TyavlovskayaT. E. Svechnikova,2003,https://link.springer.com/article/10.1134/1.1582527,Article
"Long-term investigations on the water budget quantities predicted by the hydro-thermodynamic soil vegetation scheme (HTSVS) – Part II: Evaluation, sensitivity, and uncertainty",Meteorology and Atmospheric Physics,,,,10.1007/s00703-002-0596-0,N. MöldersU. HaferkornJ. DöringG. Kramm,2003,https://link.springer.com/article/10.1007/s00703-002-0596-0,Article
"Group-IV nanocluster formation by ion-beam synthesis
",Applied Physics A,,,,10.1007/s00339-002-1947-x,W. SkorupaL. RebohleT. Gebel,2003,https://link.springer.com/article/10.1007/s00339-002-1947-x,Article
Knowledge base grid: A generic grid architecture for semantic web,Journal of Computer Science and Technology,,,,10.1007/BF02948920,ZhaoHui WuHuaJun ChenJieFeng Xu,2003,https://link.springer.com/article/10.1007/BF02948920,Article
An atomistic study of solid/liquid interfaces and phase equilibrium in binary systems,Metallurgical and Materials Transactions A,,,,10.1007/s11661-003-0079-z,M. I. BaskesM. Stan,2003,https://link.springer.com/article/10.1007/s11661-003-0079-z,Article
Electroluminescence Behavior of ZnS:Mn<sup>2+</sup> Crystals,Inorganic Materials,,,,10.1023/A:1022661121438,M. F. BulanyiA. V. KovalenkoB. A. Polezhaev,2003,https://link.springer.com/article/10.1023/A:1022661121438,Article
Behavior of dislocations in silicon in the presence of mechanical and magnetic perturbations,Journal of Experimental and Theoretical Physics,,,,10.1134/1.1567426,A. M. OrlovA. A. SkvortsovA. A. Solov’ev,2003,https://link.springer.com/article/10.1134/1.1567426,Article
Investigation of the physical properties of semiconductor nanostructures using samples with laterally nonuniform layers: 1. Photoluminescence,Semiconductors,,,,10.1134/1.1561527,Yu. V. Khabarov,2003,https://link.springer.com/article/10.1134/1.1561527,Article
Explosive chemistry: Simulating the chemistry of energetic materials at extreme conditions,Journal of Computer-Aided Materials Design,,,,10.1023/B:JCAD.0000036812.64349.15,M. Riad ManaaLaurence E. FriedEvan J. Reed,2003,https://link.springer.com/article/10.1023/B:JCAD.0000036812.64349.15,Article
Reasoning about Infinite State Systems Using Boolean Methods,FST TCS 2003: Foundations of Software Technology and Theoretical Computer Science,,,,10.1007/978-3-540-24597-1_34,Randal E. Bryant,2003,https://link.springer.com/chapter/10.1007/978-3-540-24597-1_34,Conference paper
Elaboration of ZnO Thin Films with Preferential Orientation by a Soft Chemistry Route,Journal of Sol-Gel Science and Technology,,,,10.1023/A:1020795515478,L. ZnaidiG.J.A.A. Soler IlliaR. Le GuennicC. SanchezA. Kanaev,2003,https://link.springer.com/article/10.1023/A:1020795515478,Article
Effects of membrane lipids on ion channel structure and function,Cell Biochemistry and Biophysics,,,,10.1385/CBB:38:2:161,Tommy S. TillmanMichael Cascio,2003,https://link.springer.com/article/10.1385/CBB:38:2:161,Article
Abstraction as the Key for Invariant Verification,Verification: Theory and Practice,,,,10.1007/978-3-540-39910-0_4,Saddek BensalemSusanne GrafYassine Lakhnech,2003,https://link.springer.com/chapter/10.1007/978-3-540-39910-0_4,Chapter
Debates in local economic development policy and practice,Urban Forum,,,,10.1007/s12132-003-0008-7,Patrick Bond,2003,https://link.springer.com/article/10.1007/s12132-003-0008-7,Article
3D Characterization of Molecular Photo-Orientation: Application to All-Optical Poling,Organic Nanophotonics,,,,10.1007/978-94-010-0103-8_33,Ngan Nguyen Thi KimMichel Dumont,2003,https://link.springer.com/chapter/10.1007/978-94-010-0103-8_33,Chapter
On the projective geometry of rational homogeneous varieties,Commentarii Mathematici Helvetici,,,,10.1007/s000140300003,J.M. LandsbergL. Manivel,2003,https://link.springer.com/article/10.1007/s000140300003,Article
"The atomic structure of the <span class=""mathjax-tex"">\(1/3\langle 2\overline 1 \overline 1 0\rangle \)</span> superdislocation core and prismatic slip in Ti<sub>3</sub>Al",Technical Physics,,,,10.1134/1.1538728,L. I. YakovenkovaL. E. KarkinaM. Ya. Rabovskaya,2003,https://link.springer.com/article/10.1134/1.1538728,Article
Adsorption of <i>n</i>-Butanol on Polycrystalline Silver–Gold Alloys,Russian Journal of Electrochemistry,,,,10.1023/A:1021193508654,A. V. VvedenskiiE. V. Bobrinskaya,2002,https://link.springer.com/article/10.1023/A:1021193508654,Article
The Contribution of Urban Ecosystem Education to the Development of Sustainable Communities and Cities,Understanding Urban Ecosystems,,,,10.1007/0-387-22615-X_28,Julian Agyeman,2003,https://link.springer.com/chapter/10.1007/0-387-22615-X_28,Chapter
Social Norms in Transition: Gift-giving and Reciprocity in the Global Era,Turbulence and New Directions in Global Political Economy,,,,10.1057/9781403918451_7,Laurent Dobuzinskis,2003,https://link.springer.com/chapter/10.1057/9781403918451_7,Chapter
Hemodialysis machines and monitors,Replacement of Renal Function by Dialysis,,,,10.1007/978-1-4020-2275-3_14,Hans-Dietrich PolascheggNathan W. Levin,2004,https://link.springer.com/chapter/10.1007/978-1-4020-2275-3_14,Chapter
5<sup>th</sup> International Symposium on Sympathetic Surgery 29<sup>th</sup>–31<sup>th</sup> May 2003,Clinical Autonomic Research,,,,10.1007/s102860300008," ",2003,https://link.springer.com/article/10.1007/s102860300008,Article
Electric Resistance of Polytetrafluoroethylene under Shock Compression,"Combustion, Explosion and Shock Waves",,,,10.1023/A:1021108815344,S. A. BordzilovskiiS. M. Karakhanov,2002,https://link.springer.com/article/10.1023/A:1021108815344,Article
Atomic Structure of Surfaces with Adsorbates,Surface Science,,,,10.1007/978-3-662-05179-5_9,K. OuraM. KatayamaA. V. ZotovV. G. LifshitsA. A. Saranin,2003,https://link.springer.com/chapter/10.1007/978-3-662-05179-5_9,Chapter
Screw photon-like (3+1)-solitons in extended electrodynamics,The European Physical Journal B - Condensed Matter and Complex Systems,,,,10.1140/epjb/e2002-00292-8,S.G. Donev,2002,https://link.springer.com/article/10.1140/epjb/e2002-00292-8,Article
Development and Applications of UV Excimer Lamps,"Photo-Excited Processes, Diagnostics and Applications",,,,10.1007/1-4020-2610-2_6,Ian W. BoydJun-Ying ZhangUlrich Kogelschatz,2003,https://link.springer.com/chapter/10.1007/1-4020-2610-2_6,Chapter
Phase Analysis for Metal State Diagnosis during Use,Chemical and Petroleum Engineering,,,,10.1023/A:1022093411228,B. S. KabanovG. D. PigrovaV. M. Sedov,2002,https://link.springer.com/article/10.1023/A:1022093411228,Article
Mods and Shockers: Youth Cultural Studies in Britain,Researching Youth,,,,10.1057/9780230522466_3,John Hood-WilliamsPhil Cohen,2003,https://link.springer.com/chapter/10.1057/9780230522466_3,Chapter
Abstractions and Reductions in Model Checking,Proof and System-Reliability,,,,10.1007/978-94-010-0413-8_9,Orna Grumberg,2002,https://link.springer.com/chapter/10.1007/978-94-010-0413-8_9,Chapter
"Quantitative laser-induced fluorescence of CH in atmospheric pressure flames
",Applied Physics B,,,,10.1007/s00340-002-1038-x,J. LuqueR.J.H. Klein-DouwelJ.B. JeffriesG.P. SmithD.R. Crosley,2002,https://link.springer.com/article/10.1007/s00340-002-1038-x,Article
Refinement of LTL Formulas for Abstract Model Checking,Static Analysis,,,,10.1007/3-540-45789-5_28,Marίa del Mar GallardoPedro MerinoErnesto Pimentel,2002,https://link.springer.com/chapter/10.1007/3-540-45789-5_28,Conference paper
Book reviews,Society,,,,10.1007/s12115-003-1057-1,Alan WoolfolkDrew GlogerWill MorriseyAlexis KlimoffStephen Gardner,2003,https://link.springer.com/article/10.1007/s12115-003-1057-1,Article
"Magnetic field effects on the 1 083 nm atomic line of helium
","The European Physical Journal D - Atomic, Molecular, Optical and Plasma Physics",,,,10.1140/epjd/e2002-00176-1,E. CourtadeF. MarionP.-J. NacherG. TastevinK. KiersnowskiT. Dohnalik,2002,https://link.springer.com/article/10.1140/epjd/e2002-00176-1,Article
Manifestation of Extracoordination in the Resonance Raman Spectra of Water‐Soluble Cation Co‐Porphyrins,Journal of Applied Spectroscopy,,,,10.1023/A:1021504912464,S. N. TerekhovV. S. ChirvonyiP.‐Y. Turpin,2002,https://link.springer.com/article/10.1023/A:1021504912464,Article
Application of <sup>1</sup>H NMR Imaging to Studies of Liquid Phase Distribution in a Catalyst Pellet upon the Reaction of Catalytic Hydrogenation of α-Methylstyrene,Doklady Physical Chemistry,,,,10.1023/A:1016543403062,I. V. KoptyugA. V. KulikovA. A. LysovaV. A. KirillovR. Z. SagdeevV. N. Parmon,2002,https://link.springer.com/article/10.1023/A:1016543403062,Article
The Timeless Behaviours of Corporate Bureaucracies,Thinking Beyond Technology,,,,10.1057/9781403914491_3,Joseph A. DiVanna,2003,https://link.springer.com/chapter/10.1057/9781403914491_3,Chapter
Along the trail from Fraction I protein to Rubisco (<i>r</i>ib<i>u</i>lose <i>bis</i>phosphate <i>c</i>arboxylase-<i>o</i>xygenase),Photosynthesis Research,,,,10.1023/A:1020467601966,Sam G. Wildman,2002,https://link.springer.com/article/10.1023/A:1020467601966,Article
Hole nucleation in thin diblock copolymer films,The European Physical Journal E,,,,10.1140/epje/i2001-10071-1,S. JolyD. AusserréG. BrotonsY. Gallot,2002,https://link.springer.com/article/10.1140/epje/i2001-10071-1,Article
Microanalytical Techniques Applied to Phase Identification and Measurement of Solute Redistribution at the Solid/Liquid Interface of Frozen Fe-4.3Ni Doublets,Microchimica Acta,,,,10.1007/s006040200040,Marek FarynaWaldemar WołczyńskiToshimitsu Okane,2002,https://link.springer.com/article/10.1007/s006040200040,Article
State of SBYa Alloy after 31 Years of Operation in a VK-50 Reactor,Atomic Energy,,,,10.1023/A:1015870505018,A. A. KhudyakovZ. E. OstrovskiiV. D. RisovanyiA. V. ZakharovV. V. Yakovlev,2002,https://link.springer.com/article/10.1023/A:1015870505018,Article
Generic replica symmetric field-theory for short range Ising spin glasses,The European Physical Journal B - Condensed Matter and Complex Systems,,,,10.1140/epjb/e20020041,T. TemesváriC. De DominicisI.R. Pimentel,2002,https://link.springer.com/article/10.1140/epjb/e20020041,Article
Superstructural ordering and electronic-density modulation in oxide HTSC systems,Physics of the Solid State,,,,10.1134/1.1477475,N. V. AnshukovaA. I. GolovashkinL. I. IvanovaA. P. Rusakov,2002,https://link.springer.com/article/10.1134/1.1477475,Article
Betalain and phenolic compositions of four beetroot (<i>Beta vulgaris</i>) cultivars,European Food Research and Technology,,,,10.1007/s00217-001-0478-6,Tytti S. KujalaMaarit S. VienolaKarel D. KlikaJyrki M. LoponenKalevi Pihlaja,2002,https://link.springer.com/article/10.1007/s00217-001-0478-6,Article
Oxidative stress responses in yeast,Yeast Stress Responses,,,,10.1007/3-540-45611-2_6,Michel B. ToledanoAgnes DelaunayBenoit BiteauDaniel SpectorDulce Azevedo,2003,https://link.springer.com/chapter/10.1007/3-540-45611-2_6,Chapter
Ocean angular momentum signals in a climate model and implications for Earth rotation,Climate Dynamics,,,,10.1007/s00382-001-0216-6," R. Ponte J. Rajamony J. Gregory",2002,https://link.springer.com/article/10.1007/s00382-001-0216-6,Article
Two Prototypes of One-Dimensional Conductors: (TM)2X and Cuprate Spin Ladders,High Magnetic Fields,,,,10.1007/3-540-45649-X_10,Denis JéromePascale Auban-SenzierYuri Piskunov,2002,https://link.springer.com/chapter/10.1007/3-540-45649-X_10,Chapter
Book Reviews,Weltwirtschaftliches Archiv,,,,10.1007/BF02707749,Erich GundlachKaren Helene Midelfart KnarvikRalf Krüger,2002,https://link.springer.com/article/10.1007/BF02707749,Article
Constraint-based deductive model checking,International Journal on Software Tools for Technology Transfer,,,,10.1007/s100090100049,Giorgio DelzannoAndreas Podelski,2001,https://link.springer.com/article/10.1007/s100090100049,Article
Interrupted boriding of medium-carbon steels,Metallurgical and Materials Transactions A,,,,10.1007/s11661-002-0070-0,P. GopalakrishnanS. S. RamakrishnanP. ShankarM. Palaniappa,2002,https://link.springer.com/article/10.1007/s11661-002-0070-0,Article
Rapid thermal annealing of gallium arsenide implanted with sulfur ions,Semiconductors,,,,10.1134/1.1461396,V. M. ArdyshevM. V. Ardyshev,2002,https://link.springer.com/article/10.1134/1.1461396,Article
Pim-1 associates with protein complexes necessary for mitosis,Chromosoma,,,,10.1007/s00412-002-0192-6,Nandini BhattacharyaZeping WangChristine DavittIan F. McKenziePei-xiang XingNancy S. Magnuson,2002,https://link.springer.com/article/10.1007/s00412-002-0192-6,Article
Physical nature of the effects of thermomagnetic and thermomechanical treatment of ferromagnets,Doklady Physics,,,,10.1134/1.1450664,V. V. GubernatorovT. S. Sycheva,2002,https://link.springer.com/article/10.1134/1.1450664,Article
Pulmonary embolism due to cardiac hydatid disease: imaging findings of unusual complication of hydatid cyst,European Radiology,,,,10.1007/s003300100988,K. OdevS. AcikgözogluN. GormüsO. AribasD. KiresiH. Solak,2002,https://link.springer.com/article/10.1007/s003300100988,Article
An investigation of the microporosity formation in an Al–4.1% Cu alloy casting in microgravity and in standard gravity,Heat and Mass Transfer,,,,10.1007/s002310000186,M. XiongA. V. Kuznetsov,2001,https://link.springer.com/article/10.1007/s002310000186,Article
Basis-dependent dynamics of trapped Bose-Einstein condensates and analogies with semi-classical laser theory,"The European Physical Journal D - Atomic, Molecular, Optical and Plasma Physics",,,,10.1140/epjd/e20020083,N.P. ProukakisP. Lambropoulos,2002,https://link.springer.com/article/10.1140/epjd/e20020083,Article
Magnetic properties of degenerate atomic Fermi gases,Technical Physics,,,,10.1134/1.1427981,E. V. OrlenkoB. G. MatisovG. T. Ketiladze,2001,https://link.springer.com/article/10.1134/1.1427981,Article
Gallium Complexes with Mono- and Polydentate Ligands,Russian Journal of Coordination Chemistry,,,,10.1023/A:1014223431401,S. P. Petrosyants,2002,https://link.springer.com/article/10.1023/A:1014223431401,Article
"Progress in the Study of Galaxies: Structures, Collective Phenomena and Methods",Space Science Reviews,,,,10.1023/A:1023944520465,A.M. FridmanO.V. Khoruzhii,2003,https://link.springer.com/article/10.1023/A:1023944520465,Article
Quantitative High Resolution Electron Microscopy,Microchimica Acta,,,,10.1007/s006040200021,D. Van Dyck,2002,https://link.springer.com/article/10.1007/s006040200021,Article
Spike- Driven Synaptic Plasticity for Learning Correlated Patterns of Asynchronous Activity,Artificial Neural Networks — ICANN 2002,,,,10.1007/3-540-46084-5_40,Stefano Fusi,2002,https://link.springer.com/chapter/10.1007/3-540-46084-5_40,Conference paper
A Brief History of Industrial R&amp;D,Organization of R&D: An Evaluation of Best Practices,,,,10.1057/9781403914538_2,Pradosh NathN. Mrinalini,2002,https://link.springer.com/chapter/10.1057/9781403914538_2,Chapter
"Characterization of ISPsy2 and ISPsy3, Newly Identified Insertion Sequences in <i>Pseudomonas syringae </i>pv. <i>eriobotryae</i>
",Journal of General Plant Pathology,,,,10.1007/PL00013057,Hiroshi KAMIUNTENSatoru INOUEYasuko YAKABEShigeru IIDA,2002,https://link.springer.com/article/10.1007/PL00013057,Article
Working with the ODBC.NET Data Provider,A Programmer’s Guide to ADO.NET in C#,,,,10.1007/978-1-4302-1133-4_11,Mahesh Chand,2002,https://link.springer.com/chapter/10.1007/978-1-4302-1133-4_11,Chapter
"Effects of solar radiation on growth and mycosporine-like amino acids content in Thalassiosira sp, an Antarctic diatom",Ecological Studies in the Antarctic Sea Ice Zone,,,,10.1007/978-3-642-59419-9_31,M. HernandoJ. I. CarretoM. O. CarignanG. A. FerreyraC. Gross,2002,https://link.springer.com/chapter/10.1007/978-3-642-59419-9_31,Chapter
Fabrication of Screen-Printed Carbon Electrode Arrays for Sensing Neuronal Messengers,Biomedical Microdevices,,,,10.1023/A:1012408831467,Paul M. GeorgeJitendran MuthuswamyJohn CurrieNitish V. ThakorMakarand Paranjape,2001,https://link.springer.com/article/10.1023/A:1012408831467,Article
Fair Scheduling of General-Purpose Workloads on Workstation Clusters,Cluster Computing,,,,10.1023/A:1012752923793,Cosimo Anglano,2002,https://link.springer.com/article/10.1023/A:1012752923793,Article
Detonation Properties and Electrical Conductivity of Explosive–Metal Additive Mixtures,"Combustion, Explosion and Shock Waves",,,,10.1023/A:1014963218200,S. D. GilevA. M. Trubachev,2002,https://link.springer.com/article/10.1023/A:1014963218200,Article
Conclusion: a Broader Perspective on Northern Ireland’s Peace Process,Guns and Government,,,,10.1057/9780230502000_11,Roger Mac GintyJohn Darby,2002,https://link.springer.com/chapter/10.1057/9780230502000_11,Chapter
"Effects of solar radiation on growth and mycosporine-like amino acids content in<i> Thalassiosira</i> sp, an Antarctic diatom",Polar Biology,,,,10.1007/s003000100306," M. Hernando J. Carreto M. Carignan G. Ferreyra C. Gross",2002,https://link.springer.com/article/10.1007/s003000100306,Article
Capturing the Ideal: Olive Schreiner’s From Man to Man,The New Woman in Fiction and in Fact,,,,10.1007/978-1-349-65603-5_11,Carolyn Burdett,2002,https://link.springer.com/chapter/10.1007/978-1-349-65603-5_11,Chapter
Material and geometrical design for high reliability bilayer,Metals and Materials International,,,,10.1007/BF03179250,Kee Sung LeeSang Kuk WooMoon Hee HanIk Jin KimDo Kyung Kim,2001,https://link.springer.com/article/10.1007/BF03179250,Article
The Rise of Romantic Nationalism,The Balkans,,,,10.1057/9780312299132_10,Dennis P. Hupchick,2002,https://link.springer.com/chapter/10.1057/9780312299132_10,Chapter
ADO.NET and XML,ADO.NET and ADO Examples and Best Practices for VB Programmers,,,,10.1007/978-1-4302-0671-2_22,William R. Vaughn,2002,https://link.springer.com/chapter/10.1007/978-1-4302-0671-2_22,Chapter
Redefining the Democrats,Clinton’s Legacy?,,,,10.1057/9781403920157_2,Alex Waddan,2002,https://link.springer.com/chapter/10.1057/9781403920157_2,Chapter
Indications,LCS® Mobile Bearing Knee Arthroplasty,,,,10.1007/978-3-642-59347-5_10,P. A. KeblishJ. L. BriardK. J. HamelynckW. MuellerN. F. FriederichB. SorrellsD. E. Beverland,2002,https://link.springer.com/chapter/10.1007/978-3-642-59347-5_10,Chapter
Effect of Heat Treatment and Welding on the Mechanical Properties of Welded Joints of Molybdenum Alloys in a Wide Temperature Range,Metal Science and Heat Treatment,,,,10.1023/A:1013688400449,V. V. Bukhanovskii,2001,https://link.springer.com/article/10.1023/A:1013688400449,Article
Programming with Windows Form Controls,Visual Basic .NET and the .NET Platform: An Advanced Guide,,,,10.1007/978-1-4302-0849-5_11,Andrew Troelsen,2002,https://link.springer.com/chapter/10.1007/978-1-4302-0849-5_11,Chapter
The use of Gd-DTPA as a marker of myocardial viability in reperfused acute myocardial infarction,The International Journal of Cardiovascular Imaging,,,,10.1023/A:1011989626052,Raoul S. PereiraFrank S. PratoGerald WisenbergJane SykesKenneth J. Yvorchuk,2001,https://link.springer.com/article/10.1023/A:1011989626052,Article
Formal Verification Methods for Industrial Hardware Design,SOFSEM 2001: Theory and Practice of Informatics,,,,10.1007/3-540-45627-9_10,Anna Slobodová,2001,https://link.springer.com/chapter/10.1007/3-540-45627-9_10,Conference paper
Valence-tautomerism in high-valent iron and manganese porphyrins,JBIC Journal of Biological Inorganic Chemistry,,,,10.1007/s007750100277,Raymond WeissVéronique BulachAvram GoldJames TernerAlfred X. Trautwein,2001,https://link.springer.com/article/10.1007/s007750100277,Article
Theory and Experiment,Predictive Statistical Mechanics,,,,10.1007/978-94-017-2748-8_6,Roberto LuzziÁurea R. VasconcellosJ. Galvão Ramos,2002,https://link.springer.com/chapter/10.1007/978-94-017-2748-8_6,Chapter
"Family Microcionidae Carter, 1875",Systema Porifera,,,,10.1007/978-1-4615-0747-5_52,John N. A. Hooper,2002,https://link.springer.com/chapter/10.1007/978-1-4615-0747-5_52,Chapter
Spin Injection and Transport in Magnetic-Superconducting Oxide Heterostructures,Journal of Superconductivity,,,,10.1023/A:1007828505924,A. M. GoldmanP. I. KrausK. NikolaevV. Vas'koA. BhattacharyaW. Cooley,2001,https://link.springer.com/article/10.1023/A:1007828505924,Article
Ultrafast Stimulated Emission Spectroscopy,Topics in Fluorescence Spectroscopy,,,,10.1007/0-306-47070-5_7,G. J. Blanchard,2002,https://link.springer.com/chapter/10.1007/0-306-47070-5_7,Chapter
Microtubule reconfiguration during axogenesis,Journal of Neurocytology,,,,10.1023/A:1020622530831,Wenqian YuChangying LingPeter W. Baas,2001,https://link.springer.com/article/10.1023/A:1020622530831,Article
Charge exchange in collisions between heavy low-charged ions,Technical Physics,,,,10.1134/1.1412055,V. P. Shevel’ko,2001,https://link.springer.com/article/10.1134/1.1412055,Article
Annexins and Membrane Fusion,Fusion of Biological Membranes and Related Problems,,,,10.1007/0-306-46824-7_3,Helmut KubistaSandra SacreStephen E. Moss,2002,https://link.springer.com/chapter/10.1007/0-306-46824-7_3,Chapter
Mechanisms of action of docosahexaenoic acid in the nervous system,Lipids,,,,10.1007/s11745-001-0805-6,Norman Salem Jr.Burton LitmanHee-Yong KimKlaus Gawrisch,2001,https://link.springer.com/article/10.1007/s11745-001-0805-6,Article
"Abstracts, Oral communications, Sunday, 1 September 2002",European Journal of Nuclear Medicine and Molecular Imaging,,,,10.1007/s00259-002-0954-7,,2002,https://link.springer.com/article/10.1007/s00259-002-0954-7,Article
Phase separation in systems with charge ordering,Journal of Experimental and Theoretical Physics,,,,10.1134/1.1402742,M. Yu. KaganK. I. KugelD. I. Khomskii,2001,https://link.springer.com/article/10.1134/1.1402742,Article
Forensische Toxikologie,Handbuch gerichtliche Medizin 2,,,,10.1007/978-3-642-55866-5_1,R. K. MüllerR. AderjanB. AhrensW. BernhardH.-K. BotheU. DemmeG. DraschW. EngewaldR. GiebelmannJ. GrosseG. KauertH. KijewskiC. KöppelT. KrämerH. H. MaurerD. MebsL. von MeyerM. R. MöllerM. OttoF. T. PetersF. PragstH. SachsR. SalzerA. SchmoldtH. SchützJ. TeskeD. ThiemeD. TiessH. TrauerA. WahlG. WernerJ. WichitillA. Zschunke,2003,https://link.springer.com/chapter/10.1007/978-3-642-55866-5_1,Chapter
Membrane Systems with Symbol—Objects,Membrane Computing,,,,10.1007/978-3-642-56196-2_3,Gheorghe Păun,2002,https://link.springer.com/chapter/10.1007/978-3-642-56196-2_3,Chapter
Photo-induced electron transfer between hypocrellins and nano-sized semiconductor CdS,Science in China Series C: Life Sciences,,,,10.1007/BF02879331,Zhixiang ZhouWei LiuFuyuan WangZhiyi Zhang,2001,https://link.springer.com/article/10.1007/BF02879331,Article
State-Owned Enterprises in Less Developed Countries: Privatization and Alternative Reform Strategies,European Journal of Law and Economics,,,,10.1023/A:1012817825552,D. Andrew C. SmithMichael J. Trebilcock,2001,https://link.springer.com/article/10.1023/A:1012817825552,Article
Formation of lubricant “moguls” at the head/disk interface,Tribology Letters,,,,10.1023/A:1009074007241,Remmelt PitBruno MarchonSteven MeeksVamsi Velidandla,2001,https://link.springer.com/article/10.1023/A:1009074007241,Article
What does an observed quantum system reveal to its observer?,"The European Physical Journal D - Atomic, Molecular, Optical and Plasma Physics",,,,10.1007/s100530170207,P.E. ToschekCh. Wunderlich,2001,https://link.springer.com/article/10.1007/s100530170207,Article
Observation of Cooper pairs in high-temperature superconductors by <sup>67</sup>Cu(<sup>67</sup>Zn) Mössbauer spectroscopy,Physics of the Solid State,,,,10.1134/1.1365978,N. P. SereginF. S. NasredinovP. P. Seregin,2001,https://link.springer.com/article/10.1134/1.1365978,Article
"Computational Mechanics: Pattern and Prediction, Structure and Simplicity",Journal of Statistical Physics,,,,10.1023/A:1010388907793,Cosma Rohilla ShaliziJames P. Crutchfield,2001,https://link.springer.com/article/10.1023/A:1010388907793,Article
Anomalous mass transport in the vicinity of the interface of two metallic media,Physics of the Solid State,,,,10.1134/1.1356142,M. G. IsakovV. A. Karpel’ev,2001,https://link.springer.com/article/10.1134/1.1356142,Article
Changes in the Molecular Structure of Water Filtered Through Coarsely Dispersed Natural Mineral Flint,Journal of Engineering Physics and Thermophysics,,,,10.1023/A:1016681228094,P. P. OlodovskiiO. V. Karpel',2001,https://link.springer.com/article/10.1023/A:1016681228094,Article